  0
SECTION
  2
HEADER
  9
$ACADVER
  1
AC1027
  9
$ACADMAINTVER
 70
   125
  9
$DWGCODEPAGE
  3
ANSI_936
  9
$LASTSAVEDBY
  1
wyk12
  9
$REQUIREDVERSIONS
160
                 0
  9
$INSBASE
 10
0.0
 20
0.0
 30
0.0
  9
$EXTMIN
 10
-1142.16815921068
 20
-213.5069944478712
 30
0.0
  9
$EXTMAX
 10
16657.95458191299
 20
8067.888175917191
 30
0.0
  9
$LIMMIN
 10
0.0
 20
0.0
  9
$LIMMAX
 10
420.0
 20
297.0
  9
$ORTHOMODE
 70
     1
  9
$REGENMODE
 70
     1
  9
$FILLMODE
 70
     1
  9
$QTEXTMODE
 70
     0
  9
$MIRRTEXT
 70
     0
  9
$LTSCALE
 40
1.0
  9
$ATTMODE
 70
     1
  9
$TEXTSIZE
 40
2.5
  9
$TRACEWID
 40
1.0
  9
$TEXTSTYLE
  7
样式 1
  9
$CLAYER
  8
0
  9
$CELTYPE
  6
ByLayer
  9
$CECOLOR
 62
   256
  9
$CELTSCALE
 40
1.0
  9
$DISPSILH
 70
     0
  9
$DIMSCALE
 40
1.0
  9
$DIMASZ
 40
2.5
  9
$DIMEXO
 40
0.625
  9
$DIMDLI
 40
3.75
  9
$DIMRND
 40
0.0
  9
$DIMDLE
 40
0.0
  9
$DIMEXE
 40
1.25
  9
$DIMTP
 40
0.0
  9
$DIMTM
 40
0.0
  9
$DIMTXT
 40
2.5
  9
$DIMCEN
 40
2.5
  9
$DIMTSZ
 40
0.0
  9
$DIMTOL
 70
     0
  9
$DIMLIM
 70
     0
  9
$DIMTIH
 70
     0
  9
$DIMTOH
 70
     0
  9
$DIMSE1
 70
     0
  9
$DIMSE2
 70
     0
  9
$DIMTAD
 70
     1
  9
$DIMZIN
 70
     8
  9
$DIMBLK
  1

  9
$DIMASO
 70
     1
  9
$DIMSHO
 70
     1
  9
$DIMPOST
  1

  9
$DIMAPOST
  1

  9
$DIMALT
 70
     0
  9
$DIMALTD
 70
     3
  9
$DIMALTF
 40
0.03937007874016
  9
$DIMLFAC
 40
1.0
  9
$DIMTOFL
 70
     1
  9
$DIMTVP
 40
0.0
  9
$DIMTIX
 70
     0
  9
$DIMSOXD
 70
     0
  9
$DIMSAH
 70
     0
  9
$DIMBLK1
  1

  9
$DIMBLK2
  1

  9
$DIMSTYLE
  2
ISO-25
  9
$DIMCLRD
 70
     0
  9
$DIMCLRE
 70
     0
  9
$DIMCLRT
 70
     0
  9
$DIMTFAC
 40
1.0
  9
$DIMGAP
 40
0.625
  9
$DIMJUST
 70
     0
  9
$DIMSD1
 70
     0
  9
$DIMSD2
 70
     0
  9
$DIMTOLJ
 70
     0
  9
$DIMTZIN
 70
     8
  9
$DIMALTZ
 70
     0
  9
$DIMALTTZ
 70
     0
  9
$DIMUPT
 70
     0
  9
$DIMDEC
 70
     2
  9
$DIMTDEC
 70
     2
  9
$DIMALTU
 70
     2
  9
$DIMALTTD
 70
     3
  9
$DIMTXSTY
  7
Standard
  9
$DIMAUNIT
 70
     0
  9
$DIMADEC
 70
     0
  9
$DIMALTRND
 40
0.0
  9
$DIMAZIN
 70
     0
  9
$DIMDSEP
 70
    44
  9
$DIMATFIT
 70
     3
  9
$DIMFRAC
 70
     0
  9
$DIMLDRBLK
  1

  9
$DIMLUNIT
 70
     2
  9
$DIMLWD
 70
    -2
  9
$DIMLWE
 70
    -2
  9
$DIMTMOVE
 70
     0
  9
$DIMFXL
 40
1.0
  9
$DIMFXLON
 70
     0
  9
$DIMJOGANG
 40
0.7853981633974483
  9
$DIMTFILL
 70
     0
  9
$DIMTFILLCLR
 70
     0
  9
$DIMARCSYM
 70
     0
  9
$DIMLTYPE
  6

  9
$DIMLTEX1
  6

  9
$DIMLTEX2
  6

  9
$DIMTXTDIRECTION
 70
     0
  9
$LUNITS
 70
     2
  9
$LUPREC
 70
     4
  9
$SKETCHINC
 40
1.0
  9
$FILLETRAD
 40
0.0
  9
$AUNITS
 70
     0
  9
$AUPREC
 70
     0
  9
$MENU
  1
.
  9
$ELEVATION
 40
0.0
  9
$PELEVATION
 40
0.0
  9
$THICKNESS
 40
0.0
  9
$LIMCHECK
 70
     0
  9
$CHAMFERA
 40
0.0
  9
$CHAMFERB
 40
0.0
  9
$CHAMFERC
 40
0.0
  9
$CHAMFERD
 40
0.0
  9
$SKPOLY
 70
     0
  9
$TDCREATE
 40
2461050.431597222
  9
$TDUCREATE
 40
2461050.098263889
  9
$TDUPDATE
 40
2461050.498530092
  9
$TDUUPDATE
 40
2461050.165196759
  9
$TDINDWG
 40
0.0669328704
  9
$TDUSRTIMER
 40
0.0669328704
  9
$USRTIMER
 70
     1
  9
$ANGBASE
 50
0.0
  9
$ANGDIR
 70
     0
  9
$PDMODE
 70
     0
  9
$PDSIZE
 40
0.0
  9
$PLINEWID
 40
0.0
  9
$SPLFRAME
 70
     0
  9
$SPLINETYPE
 70
     6
  9
$SPLINESEGS
 70
     8
  9
$HANDSEED
  5
9DC
  9
$SURFTAB1
 70
     6
  9
$SURFTAB2
 70
     6
  9
$SURFTYPE
 70
     6
  9
$SURFU
 70
     6
  9
$SURFV
 70
     6
  9
$UCSBASE
  2

  9
$UCSNAME
  2

  9
$UCSORG
 10
0.0
 20
0.0
 30
0.0
  9
$UCSXDIR
 10
1.0
 20
0.0
 30
0.0
  9
$UCSYDIR
 10
0.0
 20
1.0
 30
0.0
  9
$UCSORTHOREF
  2

  9
$UCSORTHOVIEW
 70
     0
  9
$UCSORGTOP
 10
0.0
 20
0.0
 30
0.0
  9
$UCSORGBOTTOM
 10
0.0
 20
0.0
 30
0.0
  9
$UCSORGLEFT
 10
0.0
 20
0.0
 30
0.0
  9
$UCSORGRIGHT
 10
0.0
 20
0.0
 30
0.0
  9
$UCSORGFRONT
 10
0.0
 20
0.0
 30
0.0
  9
$UCSORGBACK
 10
0.0
 20
0.0
 30
0.0
  9
$PUCSBASE
  2

  9
$PUCSNAME
  2

  9
$PUCSORG
 10
0.0
 20
0.0
 30
0.0
  9
$PUCSXDIR
 10
1.0
 20
0.0
 30
0.0
  9
$PUCSYDIR
 10
0.0
 20
1.0
 30
0.0
  9
$PUCSORTHOREF
  2

  9
$PUCSORTHOVIEW
 70
     0
  9
$PUCSORGTOP
 10
0.0
 20
0.0
 30
0.0
  9
$PUCSORGBOTTOM
 10
0.0
 20
0.0
 30
0.0
  9
$PUCSORGLEFT
 10
0.0
 20
0.0
 30
0.0
  9
$PUCSORGRIGHT
 10
0.0
 20
0.0
 30
0.0
  9
$PUCSORGFRONT
 10
0.0
 20
0.0
 30
0.0
  9
$PUCSORGBACK
 10
0.0
 20
0.0
 30
0.0
  9
$USERI1
 70
     0
  9
$USERI2
 70
     0
  9
$USERI3
 70
     0
  9
$USERI4
 70
     0
  9
$USERI5
 70
     0
  9
$USERR1
 40
0.0
  9
$USERR2
 40
0.0
  9
$USERR3
 40
0.0
  9
$USERR4
 40
0.0
  9
$USERR5
 40
0.0
  9
$WORLDVIEW
 70
     1
  9
$SHADEDGE
 70
     3
  9
$SHADEDIF
 70
    70
  9
$TILEMODE
 70
     1
  9
$MAXACTVP
 70
    64
  9
$PINSBASE
 10
0.0
 20
0.0
 30
0.0
  9
$PLIMCHECK
 70
     0
  9
$PEXTMIN
 10
0.0
 20
0.0
 30
0.0
  9
$PEXTMAX
 10
0.0
 20
0.0
 30
0.0
  9
$PLIMMIN
 10
0.0
 20
0.0
  9
$PLIMMAX
 10
12.0
 20
9.0
  9
$UNITMODE
 70
     0
  9
$VISRETAIN
 70
     1
  9
$PLINEGEN
 70
     0
  9
$PSLTSCALE
 70
     1
  9
$TREEDEPTH
 70
  3020
  9
$CMLSTYLE
  2
Standard
  9
$CMLJUST
 70
     0
  9
$CMLSCALE
 40
20.0
  9
$PROXYGRAPHICS
 70
     1
  9
$MEASUREMENT
 70
     1
  9
$CELWEIGHT
370
    -1
  9
$ENDCAPS
280
     0
  9
$JOINSTYLE
280
     0
  9
$LWDISPLAY
290
     0
  9
$INSUNITS
 70
     4
  9
$HYPERLINKBASE
  1

  9
$STYLESHEET
  1

  9
$XEDIT
290
     1
  9
$CEPSNTYPE
380
     0
  9
$PSTYLEMODE
290
     1
  9
$FINGERPRINTGUID
  2
{CCAD0203-509A-AC41-9422-D31FDAFF8AB2}
  9
$VERSIONGUID
  2
{CDCD30E7-CB9D-D14F-BE15-4C578A7C87A1}
  9
$EXTNAMES
290
     1
  9
$PSVPSCALE
 40
0.0
  9
$OLESTARTUP
290
     0
  9
$SORTENTS
280
   127
  9
$INDEXCTL
280
     0
  9
$HIDETEXT
280
     1
  9
$XCLIPFRAME
280
     2
  9
$HALOGAP
280
     0
  9
$OBSCOLOR
 70
   257
  9
$OBSLTYPE
280
     0
  9
$INTERSECTIONDISPLAY
280
     0
  9
$INTERSECTIONCOLOR
 70
   257
  9
$DIMASSOC
280
     2
  9
$PROJECTNAME
  1

  9
$CAMERADISPLAY
290
     0
  9
$LENSLENGTH
 40
50.0
  9
$CAMERAHEIGHT
 40
0.0
  9
$STEPSPERSEC
 40
2.0
  9
$STEPSIZE
 40
6.0
  9
$3DDWFPREC
 40
2.0
  9
$PSOLWIDTH
 40
5.0
  9
$PSOLHEIGHT
 40
80.0
  9
$LOFTANG1
 40
1.570796326794896
  9
$LOFTANG2
 40
1.570796326794896
  9
$LOFTMAG1
 40
0.0
  9
$LOFTMAG2
 40
0.0
  9
$LOFTPARAM
 70
     7
  9
$LOFTNORMALS
280
     1
  9
$LATITUDE
 40
37.795
  9
$LONGITUDE
 40
-122.394
  9
$NORTHDIRECTION
 40
0.0
  9
$TIMEZONE
 70
 -8000
  9
$LIGHTGLYPHDISPLAY
280
     1
  9
$TILEMODELIGHTSYNCH
280
     1
  9
$CMATERIAL
347
EC
  9
$SOLIDHIST
280
     0
  9
$SHOWHIST
280
     1
  9
$DWFFRAME
280
     2
  9
$DGNFRAME
280
     0
  9
$REALWORLDSCALE
290
     1
  9
$INTERFERECOLOR
 62
     1
  9
$INTERFEREOBJVS
345
F9
  9
$INTERFEREVPVS
346
F6
  9
$CSHADOW
280
     0
  9
$SHADOWPLANELOCATION
 40
0.0
  0
ENDSEC
  0
SECTION
  2
CLASSES
  0
CLASS
  1
ACDBDICTIONARYWDFLT
  2
AcDbDictionaryWithDefault
  3
ObjectDBX Classes
 90
        0
 91
        1
280
     0
281
     0
  0
CLASS
  1
DICTIONARYVAR
  2
AcDbDictionaryVar
  3
ObjectDBX Classes
 90
        0
 91
       14
280
     0
281
     0
  0
CLASS
  1
TABLESTYLE
  2
AcDbTableStyle
  3
ObjectDBX Classes
 90
     4095
 91
        1
280
     0
281
     0
  0
CLASS
  1
MATERIAL
  2
AcDbMaterial
  3
ObjectDBX Classes
 90
     1153
 91
        3
280
     0
281
     0
  0
CLASS
  1
VISUALSTYLE
  2
AcDbVisualStyle
  3
ObjectDBX Classes
 90
     4095
 91
       24
280
     0
281
     0
  0
CLASS
  1
SCALE
  2
AcDbScale
  3
ObjectDBX Classes
 90
     1153
 91
       17
280
     0
281
     0
  0
CLASS
  1
MLEADERSTYLE
  2
AcDbMLeaderStyle
  3
ACDB_MLEADERSTYLE_CLASS
 90
     4095
 91
        2
280
     0
281
     0
  0
CLASS
  1
CELLSTYLEMAP
  2
AcDbCellStyleMap
  3
ObjectDBX Classes
 90
     1152
 91
        1
280
     0
281
     0
  0
CLASS
  1
EXACXREFPANELOBJECT
  2
ExAcXREFPanelObject
  3
EXAC_ESW
 90
     1025
 91
        0
280
     0
281
     0
  0
CLASS
  1
NPOCOLLECTION
  2
AcDbImpNonPersistentObjectsCollection
  3
ObjectDBX Classes
 90
     1153
 91
        0
280
     0
281
     0
  0
CLASS
  1
LAYER_INDEX
  2
AcDbLayerIndex
  3
ObjectDBX Classes
 90
        0
 91
        0
280
     0
281
     0
  0
CLASS
  1
SPATIAL_INDEX
  2
AcDbSpatialIndex
  3
ObjectDBX Classes
 90
        0
 91
        0
280
     0
281
     0
  0
CLASS
  1
IDBUFFER
  2
AcDbIdBuffer
  3
ObjectDBX Classes
 90
        0
 91
        0
280
     0
281
     0
  0
CLASS
  1
ACDBSECTIONVIEWSTYLE
  2
AcDbSectionViewStyle
  3
ObjectDBX Classes
 90
     1025
 91
        1
280
     0
281
     0
  0
CLASS
  1
ACDBDETAILVIEWSTYLE
  2
AcDbDetailViewStyle
  3
ObjectDBX Classes
 90
     1025
 91
        1
280
     0
281
     0
  0
CLASS
  1
DIMASSOC
  2
AcDbDimAssoc
  3
"AcDbDimAssoc|Product Desc:     AcDim ARX App For Dimension|Company:          Autodesk, Inc.|WEB Address:      www.autodesk.com"
 90
        0
 91
       39
280
     0
281
     0
  0
CLASS
  1
SORTENTSTABLE
  2
AcDbSortentsTable
  3
ObjectDBX Classes
 90
        0
 91
        1
280
     0
281
     0
  0
CLASS
  1
ACDBASSOCNETWORK
  2
AcDbAssocNetwork
  3
ObjectDBX Classes
 90
     1025
 91
        2
280
     0
281
     0
  0
CLASS
  1
ACDBASSOCACTION
  2
AcDbAssocAction
  3
ObjectDBX Classes
 90
     1025
 91
        2
280
     0
281
     0
  0
CLASS
  1
AcDbCenterLineActionBody
  2
AcDbCenterLineActionBody
  3
AcDbSmartCenter
 90
     1153
 91
        2
280
     0
281
     0
  0
CLASS
  1
ACDBASSOCEDGEACTIONPARAM
  2
AcDbAssocEdgeActionParam
  3
ObjectDBX Classes
 90
     1025
 91
        4
280
     0
281
     0
  0
CLASS
  1
ACDBASSOCGEOMDEPENDENCY
  2
AcDbAssocGeomDependency
  3
ObjectDBX Classes
 90
     1025
 91
        4
280
     0
281
     0
  0
CLASS
  1
ACDBASSOCDEPENDENCY
  2
AcDbAssocDependency
  3
ObjectDBX Classes
 90
     1025
 91
        2
280
     0
281
     0
  0
ENDSEC
  0
SECTION
  2
TABLES
  0
TABLE
  2
VPORT
  5
8
330
0
100
AcDbSymbolTable
 70
     1
1001
ACAD
1000
DbSaveVer
1071
      377
  0
VPORT
  5
EA
330
8
100
AcDbSymbolTableRecord
100
AcDbViewportTableRecord
  2
*Active
 70
     0
 10
0.0
 20
0.0
 11
1.0
 21
1.0
 12
5996.433134436535
 22
4095.998710010013
 13
0.0
 23
0.0
 14
10.0
 24
10.0
 15
10.0
 25
10.0
 16
0.0
 26
0.0
 36
1.0
 17
0.0
 27
0.0
 37
0.0
 40
10020.4557888461
 41
2.133389261744966
 42
50.0
 43
0.0
 44
0.0
 50
0.0
 51
0.0
 71
     0
 72
  1000
 73
     1
 74
     3
 75
     0
 76
     1
 77
     0
 78
     0
281
     0
 65
     1
110
0.0
120
0.0
130
0.0
111
1.0
121
0.0
131
0.0
112
0.0
122
1.0
132
0.0
 79
     0
146
0.0
348
F5
 60
     3
 61
     5
292
     1
282
     1
141
0.0
142
0.0
 63
   250
421
  3355443
1001
ACAD_NAV_VCDISPLAY
1070
     3
  0
ENDTAB
  0
TABLE
  2
LTYPE
  5
5
330
0
100
AcDbSymbolTable
 70
     5
  0
LTYPE
  5
14
330
5
100
AcDbSymbolTableRecord
100
AcDbLinetypeTableRecord
  2
ByBlock
 70
     0
  3

 72
    65
 73
     0
 40
0.0
  0
LTYPE
  5
15
330
5
100
AcDbSymbolTableRecord
100
AcDbLinetypeTableRecord
  2
ByLayer
 70
     0
  3

 72
    65
 73
     0
 40
0.0
  0
LTYPE
  5
16
330
5
100
AcDbSymbolTableRecord
100
AcDbLinetypeTableRecord
  2
Continuous
 70
     0
  3
Solid line
 72
    65
 73
     0
 40
0.0
  0
LTYPE
  5
3F2
330
5
100
AcDbSymbolTableRecord
100
AcDbLinetypeTableRecord
  2
ACAD_ISO02W100
 70
     0
  3
ISO dash __ __ __ __ __ __ __ __ __ __ __ __ __
 72
    65
 73
     2
 40
15.0
 49
12.0
 74
     0
 49
-3.0
 74
     0
  0
LTYPE
  5
3F3
330
5
100
AcDbSymbolTableRecord
100
AcDbLinetypeTableRecord
  2
JIS_02_2.0
 70
     0
  3
HIDDEN02 __ __ __ __ __ __ __ __ __ __ __
 72
    65
 73
     2
 40
3.0
 49
2.0
 74
     0
 49
-1.0
 74
     0
  0
LTYPE
  5
51F
330
5
100
AcDbSymbolTableRecord
100
AcDbLinetypeTableRecord
  2
CENTER2
 70
     0
  3
Center (.5x) ___ _ ___ _ ___ _ ___ _ ___ _ ___
 72
    65
 73
     4
 40
28.575
 49
19.05
 74
     0
 49
-3.174999999999999
 74
     0
 49
3.174999999999999
 74
     0
 49
-3.174999999999999
 74
     0
  0
ENDTAB
  0
TABLE
  2
LAYER
  5
2
102
{ACAD_XDICTIONARY
360
1FF
102
}
330
0
100
AcDbSymbolTable
 70
     2
  0
LAYER
  5
10
102
{ACAD_XDICTIONARY
360
13C
102
}
330
2
100
AcDbSymbolTableRecord
100
AcDbLayerTableRecord
  2
0
 70
     0
 62
     7
  6
Continuous
370
    -3
390
F
347
EE
348
0
  0
LAYER
  5
6CB
330
2
100
AcDbSymbolTableRecord
100
AcDbLayerTableRecord
  2
Defpoints
 70
     0
 62
     7
  6
Continuous
290
     0
370
    -3
390
F
347
EE
348
0
  0
ENDTAB
  0
TABLE
  2
STYLE
  5
3
330
0
100
AcDbSymbolTable
 70
     4
  0
STYLE
  5
11
330
3
100
AcDbSymbolTableRecord
100
AcDbTextStyleTableRecord
  2
Standard
 70
     0
 40
200.0
 41
1.0
 50
0.0
 71
     0
 42
2.5
  3
arial.ttf
  4

1001
ACAD
1000
Arial
1071
       34
  0
STYLE
  5
132
330
3
100
AcDbSymbolTableRecord
100
AcDbTextStyleTableRecord
  2
Annotative
 70
     0
 40
0.0
 41
1.0
 50
0.0
 71
     0
 42
2.5
  3
arial.ttf
  4

1001
AcadAnnotative
1000
AnnotativeData
1002
{
1070
     1
1070
     1
1002
}
1001
ACAD
1000
Arial
1071
       34
  0
STYLE
  5
3F1
330
3
100
AcDbSymbolTableRecord
100
AcDbTextStyleTableRecord
  2

 70
     1
 40
0.0
 41
1.0
 50
0.0
 71
     0
 42
2.5
  3
ltypeshp.shx
  4

  0
STYLE
  5
6C9
330
3
100
AcDbSymbolTableRecord
100
AcDbTextStyleTableRecord
  2
样式 1
 70
     0
 40
200.0
 41
1.0
 50
0.0
 71
     0
 42
2.5
  3
arial.ttf
  4

1001
ACAD
1000
Arial
1071
       34
  0
ENDTAB
  0
TABLE
  2
VIEW
  5
6
330
0
100
AcDbSymbolTable
 70
     1
  0
ENDTAB
  0
TABLE
  2
UCS
  5
7
330
0
100
AcDbSymbolTable
 70
     0
  0
ENDTAB
  0
TABLE
  2
APPID
  5
9
330
0
100
AcDbSymbolTable
 70
    14
  0
APPID
  5
12
330
9
100
AcDbSymbolTableRecord
100
AcDbRegAppTableRecord
  2
ACAD
 70
     0
  0
APPID
  5
9E
330
9
100
AcDbSymbolTableRecord
100
AcDbRegAppTableRecord
  2
ACAD_PSEXT
 70
     0
  0
APPID
  5
133
330
9
100
AcDbSymbolTableRecord
100
AcDbRegAppTableRecord
  2
AcadAnnoPO
 70
     0
  0
APPID
  5
134
330
9
100
AcDbSymbolTableRecord
100
AcDbRegAppTableRecord
  2
AcadAnnotative
 70
     0
  0
APPID
  5
135
330
9
100
AcDbSymbolTableRecord
100
AcDbRegAppTableRecord
  2
ACAD_DSTYLE_DIMJAG
 70
     0
  0
APPID
  5
136
330
9
100
AcDbSymbolTableRecord
100
AcDbRegAppTableRecord
  2
ACAD_DSTYLE_DIMTALN
 70
     0
  0
APPID
  5
165
330
9
100
AcDbSymbolTableRecord
100
AcDbRegAppTableRecord
  2
ACAD_MLEADERVER
 70
     0
  0
APPID
  5
217
330
9
100
AcDbSymbolTableRecord
100
AcDbRegAppTableRecord
  2
ACAD_NAV_VCDISPLAY
 70
     0
  0
APPID
  5
2C3
330
9
100
AcDbSymbolTableRecord
100
AcDbRegAppTableRecord
  2
ACAD_EXEMPT_FROM_CAD_STANDARDS
 70
     0
  0
APPID
  5
41D
330
9
100
AcDbSymbolTableRecord
100
AcDbRegAppTableRecord
  2
ACAD_DSTYLE_DIMRADIAL_EXTENSION
 70
     0
  0
APPID
  5
470
330
9
100
AcDbSymbolTableRecord
100
AcDbRegAppTableRecord
  2
GradientColor1ACI
 70
     0
  0
APPID
  5
471
330
9
100
AcDbSymbolTableRecord
100
AcDbRegAppTableRecord
  2
GradientColor2ACI
 70
     0
  0
APPID
  5
670
330
9
100
AcDbSymbolTableRecord
100
AcDbRegAppTableRecord
  2
HATCHBACKGROUNDCOLOR
 70
     0
  0
APPID
  5
6C8
330
9
100
AcDbSymbolTableRecord
100
AcDbRegAppTableRecord
  2
Acad_TC
 70
     0
  0
ENDTAB
  0
TABLE
  2
DIMSTYLE
  5
A
330
0
100
AcDbSymbolTable
 70
     4
100
AcDbDimStyleTable
 71
     2
340
27
340
137
  0
DIMSTYLE
105
1B0
330
A
100
AcDbSymbolTableRecord
100
AcDbDimStyleTableRecord
  2
Standard
 70
     0
340
11
  0
DIMSTYLE
105
137
330
A
100
AcDbSymbolTableRecord
100
AcDbDimStyleTableRecord
  2
Annotative
 70
     0
 40
0.0
 41
2.5
 42
0.625
 43
3.75
 44
1.25
 73
     0
 74
     0
 77
     1
 78
     8
140
2.5
141
2.5
143
0.03937007874016
147
0.625
171
     3
172
     1
271
     2
272
     2
274
     3
278
    44
283
     0
284
     8
340
11
1001
AcadAnnotative
1000
AnnotativeData
1002
{
1070
     1
1070
     1
1002
}
1001
ACAD_DSTYLE_DIMJAG
1070
   388
1040
1.5
1001
ACAD_DSTYLE_DIMTALN
1070
   392
1070
     0
  0
DIMSTYLE
105
27
102
{ACAD_REACTORS
330
6CA
330
6E3
330
6FB
330
713
330
72B
330
743
330
75B
330
773
330
78D
330
7A7
330
7BF
330
7D7
330
7F1
330
809
330
821
330
839
330
851
330
869
330
881
330
899
330
8B1
330
8E3
330
8FD
330
917
330
931
330
949
330
963
330
97D
330
996
330
9AE
102
}
330
A
100
AcDbSymbolTableRecord
100
AcDbDimStyleTableRecord
  2
ISO-25
 70
     0
 41
2.5
 42
0.625
 43
3.75
 44
1.25
 73
     0
 74
     0
 77
     1
 78
     8
140
2.5
141
2.5
143
0.03937007874016
147
0.625
171
     3
172
     1
271
     2
272
     2
274
     3
278
    44
283
     0
284
     8
340
11
  0
ENDTAB
  0
TABLE
  2
BLOCK_RECORD
  5
1
330
0
100
AcDbSymbolTable
 70
    35
  0
BLOCK_RECORD
  5
1F
102
{ACAD_XDICTIONARY
360
1CE
102
}
330
1
100
AcDbSymbolTableRecord
100
AcDbBlockTableRecord
  2
*Model_Space
340
22
 70
     0
280
     1
281
     0
  0
BLOCK_RECORD
  5
D2
330
1
100
AcDbSymbolTableRecord
100
AcDbBlockTableRecord
  2
*Paper_Space
340
D3
 70
     0
280
     1
281
     0
  0
BLOCK_RECORD
  5
D6
330
1
100
AcDbSymbolTableRecord
100
AcDbBlockTableRecord
  2
*Paper_Space0
340
D7
 70
     0
280
     1
281
     0
  0
BLOCK_RECORD
  5
6CC
330
1
100
AcDbSymbolTableRecord
100
AcDbBlockTableRecord
  2
*D4
340
0
 70
     0
280
     1
281
     0
  0
BLOCK_RECORD
  5
6E4
330
1
100
AcDbSymbolTableRecord
100
AcDbBlockTableRecord
  2
*D5
340
0
 70
     0
280
     1
281
     0
  0
BLOCK_RECORD
  5
6FC
330
1
100
AcDbSymbolTableRecord
100
AcDbBlockTableRecord
  2
*D6
340
0
 70
     0
280
     1
281
     0
  0
BLOCK_RECORD
  5
714
330
1
100
AcDbSymbolTableRecord
100
AcDbBlockTableRecord
  2
*D7
340
0
 70
     0
280
     1
281
     0
  0
BLOCK_RECORD
  5
72C
330
1
100
AcDbSymbolTableRecord
100
AcDbBlockTableRecord
  2
*D8
340
0
 70
     0
280
     1
281
     0
  0
BLOCK_RECORD
  5
744
330
1
100
AcDbSymbolTableRecord
100
AcDbBlockTableRecord
  2
*D9
340
0
 70
     0
280
     1
281
     0
  0
BLOCK_RECORD
  5
75C
330
1
100
AcDbSymbolTableRecord
100
AcDbBlockTableRecord
  2
*D10
340
0
 70
     0
280
     1
281
     0
  0
BLOCK_RECORD
  5
774
330
1
100
AcDbSymbolTableRecord
100
AcDbBlockTableRecord
  2
*D11
340
0
 70
     0
280
     1
281
     0
  0
BLOCK_RECORD
  5
78E
330
1
100
AcDbSymbolTableRecord
100
AcDbBlockTableRecord
  2
*D12
340
0
 70
     0
280
     1
281
     0
  0
BLOCK_RECORD
  5
7A8
330
1
100
AcDbSymbolTableRecord
100
AcDbBlockTableRecord
  2
*D13
340
0
 70
     0
280
     1
281
     0
  0
BLOCK_RECORD
  5
7C0
330
1
100
AcDbSymbolTableRecord
100
AcDbBlockTableRecord
  2
*D14
340
0
 70
     0
280
     1
281
     0
  0
BLOCK_RECORD
  5
7D8
330
1
100
AcDbSymbolTableRecord
100
AcDbBlockTableRecord
  2
*D15
340
0
 70
     0
280
     1
281
     0
  0
BLOCK_RECORD
  5
7F2
330
1
100
AcDbSymbolTableRecord
100
AcDbBlockTableRecord
  2
*D16
340
0
 70
     0
280
     1
281
     0
  0
BLOCK_RECORD
  5
80A
330
1
100
AcDbSymbolTableRecord
100
AcDbBlockTableRecord
  2
*D17
340
0
 70
     0
280
     1
281
     0
  0
BLOCK_RECORD
  5
822
330
1
100
AcDbSymbolTableRecord
100
AcDbBlockTableRecord
  2
*D18
340
0
 70
     0
280
     1
281
     0
  0
BLOCK_RECORD
  5
83A
330
1
100
AcDbSymbolTableRecord
100
AcDbBlockTableRecord
  2
*D19
340
0
 70
     0
280
     1
281
     0
  0
BLOCK_RECORD
  5
852
330
1
100
AcDbSymbolTableRecord
100
AcDbBlockTableRecord
  2
*D20
340
0
 70
     0
280
     1
281
     0
  0
BLOCK_RECORD
  5
86A
330
1
100
AcDbSymbolTableRecord
100
AcDbBlockTableRecord
  2
*D21
340
0
 70
     0
280
     1
281
     0
  0
BLOCK_RECORD
  5
882
330
1
100
AcDbSymbolTableRecord
100
AcDbBlockTableRecord
  2
*D22
340
0
 70
     0
280
     1
281
     0
  0
BLOCK_RECORD
  5
89A
330
1
100
AcDbSymbolTableRecord
100
AcDbBlockTableRecord
  2
*D23
340
0
 70
     0
280
     1
281
     0
  0
BLOCK_RECORD
  5
8B2
330
1
100
AcDbSymbolTableRecord
100
AcDbBlockTableRecord
  2
*D24
340
0
 70
     0
280
     1
281
     0
  0
BLOCK_RECORD
  5
8CA
330
1
100
AcDbSymbolTableRecord
100
AcDbBlockTableRecord
  2
*D25
340
0
 70
     0
280
     1
281
     0
  0
BLOCK_RECORD
  5
8E4
330
1
100
AcDbSymbolTableRecord
100
AcDbBlockTableRecord
  2
*D26
340
0
 70
     0
280
     1
281
     0
  0
BLOCK_RECORD
  5
8FE
330
1
100
AcDbSymbolTableRecord
100
AcDbBlockTableRecord
  2
*D27
340
0
 70
     0
280
     1
281
     0
  0
BLOCK_RECORD
  5
918
330
1
100
AcDbSymbolTableRecord
100
AcDbBlockTableRecord
  2
*D28
340
0
 70
     0
280
     1
281
     0
  0
BLOCK_RECORD
  5
932
330
1
100
AcDbSymbolTableRecord
100
AcDbBlockTableRecord
  2
*D29
340
0
 70
     0
280
     1
281
     0
  0
BLOCK_RECORD
  5
94A
330
1
100
AcDbSymbolTableRecord
100
AcDbBlockTableRecord
  2
*D30
340
0
 70
     0
280
     1
281
     0
  0
BLOCK_RECORD
  5
964
330
1
100
AcDbSymbolTableRecord
100
AcDbBlockTableRecord
  2
*D31
340
0
 70
     0
280
     1
281
     0
  0
BLOCK_RECORD
  5
97E
330
1
100
AcDbSymbolTableRecord
100
AcDbBlockTableRecord
  2
*D32
340
0
 70
     0
280
     1
281
     0
  0
BLOCK_RECORD
  5
997
330
1
100
AcDbSymbolTableRecord
100
AcDbBlockTableRecord
  2
*D33
340
0
 70
     0
280
     1
281
     0
  0
BLOCK_RECORD
  5
9AF
330
1
100
AcDbSymbolTableRecord
100
AcDbBlockTableRecord
  2
*D34
340
0
 70
     0
280
     1
281
     0
  0
ENDTAB
  0
ENDSEC
  0
SECTION
  2
BLOCKS
  0
BLOCK
  5
20
330
1F
100
AcDbEntity
  8
0
100
AcDbBlockBegin
  2
*Model_Space
 70
     0
 10
0.0
 20
0.0
 30
0.0
  3
*Model_Space
  1

  0
ENDBLK
  5
21
330
1F
100
AcDbEntity
  8
0
100
AcDbBlockEnd
  0
BLOCK
  5
D4
330
D2
100
AcDbEntity
 67
     1
  8
0
100
AcDbBlockBegin
  2
*Paper_Space
 70
     0
 10
0.0
 20
0.0
 30
0.0
  3
*Paper_Space
  1

  0
ENDBLK
  5
D5
330
D2
100
AcDbEntity
 67
     1
  8
0
100
AcDbBlockEnd
  0
BLOCK
  5
D8
330
D6
100
AcDbEntity
 67
     1
  8
0
100
AcDbBlockBegin
  2
*Paper_Space0
 70
     0
 10
0.0
 20
0.0
 30
0.0
  3
*Paper_Space0
  1

  0
ENDBLK
  5
D9
330
D6
100
AcDbEntity
 67
     1
  8
0
100
AcDbBlockEnd
  0
BLOCK
  5
6CD
330
6CC
100
AcDbEntity
  8
0
100
AcDbBlockBegin
  2
*D4
 70
     1
 10
0.0
 20
0.0
 30
0.0
  3
*D4
  1

  0
LINE
  5
6D9
330
6CC
100
AcDbEntity
  8
0
 62
     0
440
 16777216
370
    -2
100
AcDbLine
 10
726.4899585190871
 20
734.7822118410115
 30
0.0
 11
-482.4099993383284
 21
734.7822118410114
 31
0.0
  0
LINE
  5
6DA
330
6CC
100
AcDbEntity
  8
0
 62
     0
440
 16777216
370
    -2
100
AcDbLine
 10
726.4899585190871
 20
234.7822118410114
 30
0.0
 11
-482.4099993383284
 21
234.7822118410112
 31
0.0
  0
LINE
  5
6DB
330
6CC
100
AcDbEntity
  8
0
 62
     0
440
 16777216
370
    -2
100
AcDbLine
 10
-481.1599993383284
 20
732.2822118410114
 30
0.0
 11
-481.1599993383283
 21
237.2822118410112
 31
0.0
  0
SOLID
  5
6DC
330
6CC
100
AcDbEntity
  8
0
 62
     0
440
 16777216
100
AcDbTrace
 10
-481.5766660049951
 20
732.2822118410114
 30
0.0
 11
-480.7433326716617
 21
732.2822118410114
 31
0.0
 12
-481.1599993383284
 22
734.7822118410114
 32
0.0
 13
-481.1599993383284
 23
734.7822118410114
 33
0.0
  0
SOLID
  5
6DD
330
6CC
100
AcDbEntity
  8
0
 62
     0
440
 16777216
100
AcDbTrace
 10
-481.5766660049949
 20
237.2822118410112
 30
0.0
 11
-480.7433326716616
 21
237.2822118410112
 31
0.0
 12
-481.1599993383283
 22
234.7822118410112
 32
0.0
 13
-481.1599993383283
 23
234.7822118410112
 33
0.0
  0
MTEXT
  5
6DE
330
6CC
100
AcDbEntity
  8
0
 62
     0
440
 16777216
100
AcDbMText
 10
-583.8995968826664
 20
484.7822118410114
 30
0.0
 40
200.0
 41
0.0
 46
0.0
 71
     5
 72
     1
  1
500
 11
0.0000000000000001
 21
1.0
 31
0.0
 73
     1
 44
1.0
  0
POINT
  5
6DF
330
6CC
100
AcDbEntity
  8
Defpoints
 62
     0
440
 16777216
100
AcDbPoint
 10
727.1149585190872
 20
734.7822118410115
 30
0.0
  0
POINT
  5
6E0
330
6CC
100
AcDbEntity
  8
Defpoints
 62
     0
440
 16777216
100
AcDbPoint
 10
727.1149585190872
 20
234.7822118410114
 30
0.0
  0
POINT
  5
6E1
330
6CC
100
AcDbEntity
  8
Defpoints
 62
     0
440
 16777216
100
AcDbPoint
 10
-481.1599993383283
 20
234.7822118410112
 30
0.0
  0
ENDBLK
  5
6CE
330
6CC
100
AcDbEntity
  8
0
100
AcDbBlockEnd
  0
BLOCK
  5
6E5
330
6E4
100
AcDbEntity
  8
0
100
AcDbBlockBegin
  2
*D5
 70
     1
 10
0.0
 20
0.0
 30
0.0
  3
*D5
  1

  0
LINE
  5
6F1
330
6E4
100
AcDbEntity
  8
0
 62
     0
440
 16777216
370
    -2
100
AcDbLine
 10
726.489958519087
 20
2734.782211841012
 30
0.0
 11
-422.3461139530709
 21
2734.782211841012
 31
0.0
  0
LINE
  5
6F2
330
6E4
100
AcDbEntity
  8
0
 62
     0
440
 16777216
370
    -2
100
AcDbLine
 10
726.4899585190871
 20
734.7822118410115
 30
0.0
 11
-422.3461139530705
 21
734.7822118410114
 31
0.0
  0
LINE
  5
6F3
330
6E4
100
AcDbEntity
  8
0
 62
     0
440
 16777216
370
    -2
100
AcDbLine
 10
-421.0961139530708
 20
2732.282211841012
 30
0.0
 11
-421.0961139530704
 21
737.2822118410113
 31
0.0
  0
SOLID
  5
6F4
330
6E4
100
AcDbEntity
  8
0
 62
     0
440
 16777216
100
AcDbTrace
 10
-421.5127806197375
 20
2732.282211841012
 30
0.0
 11
-420.6794472864041
 21
2732.282211841012
 31
0.0
 12
-421.0961139530708
 22
2734.782211841012
 32
0.0
 13
-421.0961139530708
 23
2734.782211841012
 33
0.0
  0
SOLID
  5
6F5
330
6E4
100
AcDbEntity
  8
0
 62
     0
440
 16777216
100
AcDbTrace
 10
-421.512780619737
 20
737.2822118410113
 30
0.0
 11
-420.6794472864037
 21
737.2822118410113
 31
0.0
 12
-421.0961139530704
 22
734.7822118410114
 32
0.0
 13
-421.0961139530704
 23
734.7822118410114
 33
0.0
  0
MTEXT
  5
6F6
330
6E4
100
AcDbEntity
  8
0
 62
     0
440
 16777216
100
AcDbMText
 10
-523.8357114974084
 20
1734.782211841011
 30
0.0
 40
200.0
 41
0.0
 46
0.0
 71
     5
 72
     1
  1
2000
 11
0.0000000000000001
 21
1.0
 31
0.0
 73
     1
 44
1.0
  0
POINT
  5
6F7
330
6E4
100
AcDbEntity
  8
Defpoints
 62
     0
440
 16777216
100
AcDbPoint
 10
727.114958519087
 20
2734.782211841012
 30
0.0
  0
POINT
  5
6F8
330
6E4
100
AcDbEntity
  8
Defpoints
 62
     0
440
 16777216
100
AcDbPoint
 10
727.1149585190872
 20
734.7822118410115
 30
0.0
  0
POINT
  5
6F9
330
6E4
100
AcDbEntity
  8
Defpoints
 62
     0
440
 16777216
100
AcDbPoint
 10
-421.0961139530704
 20
734.7822118410114
 30
0.0
  0
ENDBLK
  5
6E6
330
6E4
100
AcDbEntity
  8
0
100
AcDbBlockEnd
  0
BLOCK
  5
6FD
330
6FC
100
AcDbEntity
  8
0
100
AcDbBlockBegin
  2
*D6
 70
     1
 10
0.0
 20
0.0
 30
0.0
  3
*D6
  1

  0
LINE
  5
709
330
6FC
100
AcDbEntity
  8
0
 62
     0
440
 16777216
370
    -2
100
AcDbLine
 10
2727.114958519087
 20
734.1572118410113
 30
0.0
 11
2727.114958519087
 21
-159.5839044069434
 31
0.0
  0
LINE
  5
70A
330
6FC
100
AcDbEntity
  8
0
 62
     0
440
 16777216
370
    -2
100
AcDbLine
 10
727.1149585190869
 20
734.1572118410113
 30
0.0
 11
727.1149585190869
 21
-159.5839044069434
 31
0.0
  0
LINE
  5
70B
330
6FC
100
AcDbEntity
  8
0
 62
     0
440
 16777216
370
    -2
100
AcDbLine
 10
2724.614958519087
 20
-158.3339044069434
 30
0.0
 11
729.6149585190869
 21
-158.3339044069434
 31
0.0
  0
SOLID
  5
70C
330
6FC
100
AcDbEntity
  8
0
 62
     0
440
 16777216
100
AcDbTrace
 10
2724.614958519087
 20
-157.9172377402768
 30
0.0
 11
2724.614958519087
 21
-158.7505710736101
 31
0.0
 12
2727.114958519087
 22
-158.3339044069434
 32
0.0
 13
2727.114958519087
 23
-158.3339044069434
 33
0.0
  0
SOLID
  5
70D
330
6FC
100
AcDbEntity
  8
0
 62
     0
440
 16777216
100
AcDbTrace
 10
729.6149585190869
 20
-157.9172377402768
 30
0.0
 11
729.6149585190869
 21
-158.7505710736101
 31
0.0
 12
727.1149585190869
 22
-158.3339044069434
 32
0.0
 13
727.1149585190869
 23
-158.3339044069434
 33
0.0
  0
MTEXT
  5
70E
330
6FC
100
AcDbEntity
  8
0
 62
     0
440
 16777216
100
AcDbMText
 10
1727.114958519087
 20
-55.59430686260514
 30
0.0
 40
200.0
 41
0.0
 46
0.0
 71
     5
 72
     1
  1
2000
 73
     1
 44
1.0
  0
POINT
  5
70F
330
6FC
100
AcDbEntity
  8
Defpoints
 62
     0
440
 16777216
100
AcDbPoint
 10
2727.114958519087
 20
734.7822118410113
 30
0.0
  0
POINT
  5
710
330
6FC
100
AcDbEntity
  8
Defpoints
 62
     0
440
 16777216
100
AcDbPoint
 10
727.1149585190869
 20
734.7822118410113
 30
0.0
  0
POINT
  5
711
330
6FC
100
AcDbEntity
  8
Defpoints
 62
     0
440
 16777216
100
AcDbPoint
 10
727.1149585190869
 20
-158.3339044069434
 30
0.0
  0
ENDBLK
  5
6FE
330
6FC
100
AcDbEntity
  8
0
100
AcDbBlockEnd
  0
BLOCK
  5
715
330
714
100
AcDbEntity
  8
0
100
AcDbBlockBegin
  2
*D7
 70
     1
 10
0.0
 20
0.0
 30
0.0
  3
*D7
  1

  0
LINE
  5
721
330
714
100
AcDbEntity
  8
0
 62
     0
440
 16777216
370
    -2
100
AcDbLine
 10
2727.114958519087
 20
1735.407211841011
 30
0.0
 11
2727.114958519087
 21
2014.257396744186
 31
0.0
  0
LINE
  5
722
330
714
100
AcDbEntity
  8
0
 62
     0
440
 16777216
370
    -2
100
AcDbLine
 10
1727.114958519087
 20
1735.407211841011
 30
0.0
 11
1727.114958519087
 21
2014.257396744186
 31
0.0
  0
LINE
  5
723
330
714
100
AcDbEntity
  8
0
 62
     0
440
 16777216
370
    -2
100
AcDbLine
 10
2724.614958519087
 20
2013.007396744186
 30
0.0
 11
1729.614958519087
 21
2013.007396744186
 31
0.0
  0
SOLID
  5
724
330
714
100
AcDbEntity
  8
0
 62
     0
440
 16777216
100
AcDbTrace
 10
2724.614958519087
 20
2013.424063410853
 30
0.0
 11
2724.614958519087
 21
2012.590730077519
 31
0.0
 12
2727.114958519087
 22
2013.007396744186
 32
0.0
 13
2727.114958519087
 23
2013.007396744186
 33
0.0
  0
SOLID
  5
725
330
714
100
AcDbEntity
  8
0
 62
     0
440
 16777216
100
AcDbTrace
 10
1729.614958519087
 20
2013.424063410853
 30
0.0
 11
1729.614958519087
 21
2012.590730077519
 31
0.0
 12
1727.114958519087
 22
2013.007396744186
 32
0.0
 13
1727.114958519087
 23
2013.007396744186
 33
0.0
  0
MTEXT
  5
726
330
714
100
AcDbEntity
  8
0
 62
     0
440
 16777216
100
AcDbMText
 10
2227.114958519087
 20
2115.746994288524
 30
0.0
 40
200.0
 41
0.0
 46
0.0
 71
     5
 72
     1
  1
1000
 73
     1
 44
1.0
  0
POINT
  5
727
330
714
100
AcDbEntity
  8
Defpoints
 62
     0
440
 16777216
100
AcDbPoint
 10
2727.114958519087
 20
1734.782211841011
 30
0.0
  0
POINT
  5
728
330
714
100
AcDbEntity
  8
Defpoints
 62
     0
440
 16777216
100
AcDbPoint
 10
1727.114958519087
 20
1734.782211841011
 30
0.0
  0
POINT
  5
729
330
714
100
AcDbEntity
  8
Defpoints
 62
     0
440
 16777216
100
AcDbPoint
 10
1727.114958519087
 20
2013.007396744186
 30
0.0
  0
ENDBLK
  5
716
330
714
100
AcDbEntity
  8
0
100
AcDbBlockEnd
  0
BLOCK
  5
72D
330
72C
100
AcDbEntity
  8
0
100
AcDbBlockBegin
  2
*D8
 70
     1
 10
0.0
 20
0.0
 30
0.0
  3
*D8
  1

  0
LINE
  5
739
330
72C
100
AcDbEntity
  8
0
 62
     0
440
 16777216
370
    -2
100
AcDbLine
 10
1727.114958519087
 20
2735.407211841011
 30
0.0
 11
1727.114958519087
 21
2944.83226884804
 31
0.0
  0
LINE
  5
73A
330
72C
100
AcDbEntity
  8
0
 62
     0
440
 16777216
370
    -2
100
AcDbLine
 10
727.1149585190868
 20
2735.407211841011
 30
0.0
 11
727.1149585190868
 21
2944.83226884804
 31
0.0
  0
LINE
  5
73B
330
72C
100
AcDbEntity
  8
0
 62
     0
440
 16777216
370
    -2
100
AcDbLine
 10
1724.614958519087
 20
2943.58226884804
 30
0.0
 11
729.6149585190867
 21
2943.58226884804
 31
0.0
  0
SOLID
  5
73C
330
72C
100
AcDbEntity
  8
0
 62
     0
440
 16777216
100
AcDbTrace
 10
1724.614958519087
 20
2943.998935514707
 30
0.0
 11
1724.614958519087
 21
2943.165602181374
 31
0.0
 12
1727.114958519087
 22
2943.58226884804
 32
0.0
 13
1727.114958519087
 23
2943.58226884804
 33
0.0
  0
SOLID
  5
73D
330
72C
100
AcDbEntity
  8
0
 62
     0
440
 16777216
100
AcDbTrace
 10
729.6149585190867
 20
2943.998935514707
 30
0.0
 11
729.6149585190867
 21
2943.165602181374
 31
0.0
 12
727.1149585190868
 22
2943.58226884804
 32
0.0
 13
727.1149585190868
 23
2943.58226884804
 33
0.0
  0
MTEXT
  5
73E
330
72C
100
AcDbEntity
  8
0
 62
     0
440
 16777216
100
AcDbMText
 10
1227.114958519087
 20
3046.321866392379
 30
0.0
 40
200.0
 41
0.0
 46
0.0
 71
     5
 72
     1
  1
1000
 73
     1
 44
1.0
  0
POINT
  5
73F
330
72C
100
AcDbEntity
  8
Defpoints
 62
     0
440
 16777216
100
AcDbPoint
 10
1727.114958519087
 20
2734.782211841011
 30
0.0
  0
POINT
  5
740
330
72C
100
AcDbEntity
  8
Defpoints
 62
     0
440
 16777216
100
AcDbPoint
 10
727.1149585190868
 20
2734.782211841011
 30
0.0
  0
POINT
  5
741
330
72C
100
AcDbEntity
  8
Defpoints
 62
     0
440
 16777216
100
AcDbPoint
 10
727.1149585190868
 20
2943.58226884804
 30
0.0
  0
ENDBLK
  5
72E
330
72C
100
AcDbEntity
  8
0
100
AcDbBlockEnd
  0
BLOCK
  5
745
330
744
100
AcDbEntity
  8
0
100
AcDbBlockBegin
  2
*D9
 70
     1
 10
0.0
 20
0.0
 30
0.0
  3
*D9
  1

  0
LINE
  5
751
330
744
100
AcDbEntity
  8
0
 62
     0
440
 16777216
370
    -2
100
AcDbLine
 10
2727.739958519088
 20
1734.782211841012
 30
0.0
 11
2923.707214438707
 21
1734.782211841012
 31
0.0
  0
LINE
  5
752
330
744
100
AcDbEntity
  8
0
 62
     0
440
 16777216
370
    -2
100
AcDbLine
 10
2727.739958519088
 20
734.7822118410115
 30
0.0
 11
2923.707214438707
 21
734.7822118410116
 31
0.0
  0
LINE
  5
753
330
744
100
AcDbEntity
  8
0
 62
     0
440
 16777216
370
    -2
100
AcDbLine
 10
2922.457214438707
 20
1732.282211841012
 30
0.0
 11
2922.457214438708
 21
737.2822118410116
 31
0.0
  0
SOLID
  5
754
330
744
100
AcDbEntity
  8
0
 62
     0
440
 16777216
100
AcDbTrace
 10
2922.040547772041
 20
1732.282211841012
 30
0.0
 11
2922.873881105374
 21
1732.282211841012
 31
0.0
 12
2922.457214438707
 22
1734.782211841012
 32
0.0
 13
2922.457214438707
 23
1734.782211841012
 33
0.0
  0
SOLID
  5
755
330
744
100
AcDbEntity
  8
0
 62
     0
440
 16777216
100
AcDbTrace
 10
2922.040547772041
 20
737.2822118410116
 30
0.0
 11
2922.873881105374
 21
737.2822118410116
 31
0.0
 12
2922.457214438708
 22
734.7822118410116
 32
0.0
 13
2922.457214438708
 23
734.7822118410116
 33
0.0
  0
MTEXT
  5
756
330
744
100
AcDbEntity
  8
0
 62
     0
440
 16777216
100
AcDbMText
 10
2819.717616894369
 20
1234.782211841011
 30
0.0
 40
200.0
 41
0.0
 46
0.0
 71
     5
 72
     1
  1
1000
 11
0.0000000000000001
 21
1.0
 31
0.0
 73
     1
 44
1.0
  0
POINT
  5
757
330
744
100
AcDbEntity
  8
Defpoints
 62
     0
440
 16777216
100
AcDbPoint
 10
2727.114958519088
 20
1734.782211841012
 30
0.0
  0
POINT
  5
758
330
744
100
AcDbEntity
  8
Defpoints
 62
     0
440
 16777216
100
AcDbPoint
 10
2727.114958519088
 20
734.7822118410115
 30
0.0
  0
POINT
  5
759
330
744
100
AcDbEntity
  8
Defpoints
 62
     0
440
 16777216
100
AcDbPoint
 10
2922.457214438708
 20
734.7822118410116
 30
0.0
  0
ENDBLK
  5
746
330
744
100
AcDbEntity
  8
0
100
AcDbBlockEnd
  0
BLOCK
  5
75D
330
75C
100
AcDbEntity
  8
0
100
AcDbBlockBegin
  2
*D10
 70
     1
 10
0.0
 20
0.0
 30
0.0
  3
*D10
  1

  0
LINE
  5
769
330
75C
100
AcDbEntity
  8
0
 62
     0
440
 16777216
370
    -2
100
AcDbLine
 10
3727.739958519089
 20
1734.782211841012
 30
0.0
 11
3999.850980728897
 21
1734.782211841012
 31
0.0
  0
LINE
  5
76A
330
75C
100
AcDbEntity
  8
0
 62
     0
440
 16777216
370
    -2
100
AcDbLine
 10
3727.739958519089
 20
734.7822118410115
 30
0.0
 11
3999.850980728897
 21
734.7822118410116
 31
0.0
  0
LINE
  5
76B
330
75C
100
AcDbEntity
  8
0
 62
     0
440
 16777216
370
    -2
100
AcDbLine
 10
3998.600980728897
 20
1732.282211841012
 30
0.0
 11
3998.600980728897
 21
737.2822118410116
 31
0.0
  0
SOLID
  5
76C
330
75C
100
AcDbEntity
  8
0
 62
     0
440
 16777216
100
AcDbTrace
 10
3998.18431406223
 20
1732.282211841012
 30
0.0
 11
3999.017647395564
 21
1732.282211841012
 31
0.0
 12
3998.600980728897
 22
1734.782211841012
 32
0.0
 13
3998.600980728897
 23
1734.782211841012
 33
0.0
  0
SOLID
  5
76D
330
75C
100
AcDbEntity
  8
0
 62
     0
440
 16777216
100
AcDbTrace
 10
3998.184314062231
 20
737.2822118410116
 30
0.0
 11
3999.017647395564
 21
737.2822118410116
 31
0.0
 12
3998.600980728897
 22
734.7822118410116
 32
0.0
 13
3998.600980728897
 23
734.7822118410116
 33
0.0
  0
MTEXT
  5
76E
330
75C
100
AcDbEntity
  8
0
 62
     0
440
 16777216
100
AcDbMText
 10
3895.861383184558
 20
1234.782211841011
 30
0.0
 40
200.0
 41
0.0
 46
0.0
 71
     5
 72
     1
  1
1000
 11
0.0000000000000001
 21
1.0
 31
0.0
 73
     1
 44
1.0
  0
POINT
  5
76F
330
75C
100
AcDbEntity
  8
Defpoints
 62
     0
440
 16777216
100
AcDbPoint
 10
3727.114958519089
 20
1734.782211841012
 30
0.0
  0
POINT
  5
770
330
75C
100
AcDbEntity
  8
Defpoints
 62
     0
440
 16777216
100
AcDbPoint
 10
3727.114958519089
 20
734.7822118410115
 30
0.0
  0
POINT
  5
771
330
75C
100
AcDbEntity
  8
Defpoints
 62
     0
440
 16777216
100
AcDbPoint
 10
3998.600980728897
 20
734.7822118410116
 30
0.0
  0
ENDBLK
  5
75E
330
75C
100
AcDbEntity
  8
0
100
AcDbBlockEnd
  0
BLOCK
  5
775
330
774
100
AcDbEntity
  8
0
100
AcDbBlockBegin
  2
*D11
 70
     1
 10
0.0
 20
0.0
 30
0.0
  3
*D11
  1

  0
LINE
  5
782
330
774
100
AcDbEntity
  8
0
 62
     0
440
 16777216
370
    -2
100
AcDbLine
 10
1226.489958519087
 20
4138.976157584274
 30
0.0
 11
678.8240684778724
 21
4138.976157584274
 31
0.0
  0
LINE
  5
783
330
774
100
AcDbEntity
  8
0
 62
     0
440
 16777216
370
    -2
100
AcDbLine
 10
1226.489958519087
 20
3738.976157584275
 30
0.0
 11
678.8240684778725
 21
3738.976157584274
 31
0.0
  0
LINE
  5
784
330
774
100
AcDbEntity
  8
0
 62
     0
440
 16777216
370
    -2
100
AcDbLine
 10
680.0740684778723
 20
4136.476157584275
 30
0.0
 11
680.0740684778725
 21
3741.476157584274
 31
0.0
  0
LINE
  5
785
330
774
100
AcDbEntity
  8
0
 62
     0
440
 16777216
370
    -2
100
AcDbLine
 10
680.0740684778725
 20
3738.976157584274
 30
0.0
 11
680.0740684778726
 21
3285.976498648395
 31
0.0
  0
SOLID
  5
786
330
774
100
AcDbEntity
  8
0
 62
     0
440
 16777216
100
AcDbTrace
 10
679.6574018112058
 20
4136.476157584275
 30
0.0
 11
680.490735144539
 21
4136.476157584275
 31
0.0
 12
680.0740684778723
 22
4138.976157584274
 32
0.0
 13
680.0740684778723
 23
4138.976157584274
 33
0.0
  0
SOLID
  5
787
330
774
100
AcDbEntity
  8
0
 62
     0
440
 16777216
100
AcDbTrace
 10
679.6574018112059
 20
3741.476157584274
 30
0.0
 11
680.4907351445391
 21
3741.476157584274
 31
0.0
 12
680.0740684778725
 22
3738.976157584274
 32
0.0
 13
680.0740684778725
 23
3738.976157584274
 33
0.0
  0
MTEXT
  5
788
330
774
100
AcDbEntity
  8
0
 62
     0
440
 16777216
100
AcDbMText
 10
577.334470933535
 20
3511.226328116333
 30
0.0
 40
200.0
 41
0.0
 46
0.0
 71
     5
 72
     1
  1
400
 11
0.0000000000000001
 21
1.0
 31
0.0
 73
     1
 44
1.0
  0
POINT
  5
789
330
774
100
AcDbEntity
  8
Defpoints
 62
     0
440
 16777216
100
AcDbPoint
 10
1227.114958519087
 20
4138.976157584274
 30
0.0
  0
POINT
  5
78A
330
774
100
AcDbEntity
  8
Defpoints
 62
     0
440
 16777216
100
AcDbPoint
 10
1227.114958519087
 20
3738.976157584275
 30
0.0
  0
POINT
  5
78B
330
774
100
AcDbEntity
  8
Defpoints
 62
     0
440
 16777216
100
AcDbPoint
 10
680.0740684778725
 20
3738.976157584274
 30
0.0
  0
ENDBLK
  5
776
330
774
100
AcDbEntity
  8
0
100
AcDbBlockEnd
  0
BLOCK
  5
78F
330
78E
100
AcDbEntity
  8
0
100
AcDbBlockBegin
  2
*D12
 70
     1
 10
0.0
 20
0.0
 30
0.0
  3
*D12
  1

  0
LINE
  5
79C
330
78E
100
AcDbEntity
  8
0
 62
     0
440
 16777216
370
    -2
100
AcDbLine
 10
1227.114958519087
 20
5139.601157584273
 30
0.0
 11
1227.114958519087
 21
5552.352560084269
 31
0.0
  0
LINE
  5
79D
330
78E
100
AcDbEntity
  8
0
 62
     0
440
 16777216
370
    -2
100
AcDbLine
 10
927.1149585190869
 20
5439.601157584274
 30
0.0
 11
927.1149585190869
 21
5552.352560084269
 31
0.0
  0
LINE
  5
79E
330
78E
100
AcDbEntity
  8
0
 62
     0
440
 16777216
370
    -2
100
AcDbLine
 10
1224.614958519087
 20
5551.102560084269
 30
0.0
 11
929.6149585190869
 21
5551.102560084269
 31
0.0
  0
LINE
  5
79F
330
78E
100
AcDbEntity
  8
0
 62
     0
440
 16777216
370
    -2
100
AcDbLine
 10
927.1149585190869
 20
5551.102560084269
 30
0.0
 11
482.3008384645167
 21
5551.102560084269
 31
0.0
  0
SOLID
  5
7A0
330
78E
100
AcDbEntity
  8
0
 62
     0
440
 16777216
100
AcDbTrace
 10
1224.614958519087
 20
5551.519226750937
 30
0.0
 11
1224.614958519087
 21
5550.685893417602
 31
0.0
 12
1227.114958519087
 22
5551.102560084269
 32
0.0
 13
1227.114958519087
 23
5551.102560084269
 33
0.0
  0
SOLID
  5
7A1
330
78E
100
AcDbEntity
  8
0
 62
     0
440
 16777216
100
AcDbTrace
 10
929.6149585190869
 20
5551.519226750937
 30
0.0
 11
929.6149585190869
 21
5550.685893417602
 31
0.0
 12
927.1149585190869
 22
5551.102560084269
 32
0.0
 13
927.1149585190869
 23
5551.102560084269
 33
0.0
  0
MTEXT
  5
7A2
330
78E
100
AcDbEntity
  8
0
 62
     0
440
 16777216
100
AcDbMText
 10
703.4578984918018
 20
5653.910370452619
 30
0.0
 40
200.0
 41
0.0
 46
0.0
 71
     5
 72
     1
  1
300
 73
     1
 44
1.0
  0
POINT
  5
7A3
330
78E
100
AcDbEntity
  8
Defpoints
 62
     0
440
 16777216
100
AcDbPoint
 10
1227.114958519087
 20
5138.976157584274
 30
0.0
  0
POINT
  5
7A4
330
78E
100
AcDbEntity
  8
Defpoints
 62
     0
440
 16777216
100
AcDbPoint
 10
927.1149585190869
 20
5438.976157584273
 30
0.0
  0
POINT
  5
7A5
330
78E
100
AcDbEntity
  8
Defpoints
 62
     0
440
 16777216
100
AcDbPoint
 10
927.1149585190869
 20
5551.102560084269
 30
0.0
  0
ENDBLK
  5
790
330
78E
100
AcDbEntity
  8
0
100
AcDbBlockEnd
  0
BLOCK
  5
7A9
330
7A8
100
AcDbEntity
  8
0
100
AcDbBlockBegin
  2
*D13
 70
     1
 10
0.0
 20
0.0
 30
0.0
  3
*D13
  1

  0
LINE
  5
7B5
330
7A8
100
AcDbEntity
  8
0
 62
     0
440
 16777216
370
    -2
100
AcDbLine
 10
2227.114958519087
 20
5139.601157584273
 30
0.0
 11
2227.114958519087
 21
5357.830014693332
 31
0.0
  0
LINE
  5
7B6
330
7A8
100
AcDbEntity
  8
0
 62
     0
440
 16777216
370
    -2
100
AcDbLine
 10
1227.114958519087
 20
5139.601157584273
 30
0.0
 11
1227.114958519087
 21
5357.830014693332
 31
0.0
  0
LINE
  5
7B7
330
7A8
100
AcDbEntity
  8
0
 62
     0
440
 16777216
370
    -2
100
AcDbLine
 10
2224.614958519087
 20
5356.580014693332
 30
0.0
 11
1229.614958519087
 21
5356.580014693332
 31
0.0
  0
SOLID
  5
7B8
330
7A8
100
AcDbEntity
  8
0
 62
     0
440
 16777216
100
AcDbTrace
 10
2224.614958519087
 20
5356.99668136
 30
0.0
 11
2224.614958519087
 21
5356.163348026665
 31
0.0
 12
2227.114958519087
 22
5356.580014693332
 32
0.0
 13
2227.114958519087
 23
5356.580014693332
 33
0.0
  0
SOLID
  5
7B9
330
7A8
100
AcDbEntity
  8
0
 62
     0
440
 16777216
100
AcDbTrace
 10
1229.614958519087
 20
5356.99668136
 30
0.0
 11
1229.614958519087
 21
5356.163348026665
 31
0.0
 12
1227.114958519087
 22
5356.580014693332
 32
0.0
 13
1227.114958519087
 23
5356.580014693332
 33
0.0
  0
MTEXT
  5
7BA
330
7A8
100
AcDbEntity
  8
0
 62
     0
440
 16777216
100
AcDbMText
 10
1727.114958519087
 20
5459.319612237671
 30
0.0
 40
200.0
 41
0.0
 46
0.0
 71
     5
 72
     1
  1
1000
 73
     1
 44
1.0
  0
POINT
  5
7BB
330
7A8
100
AcDbEntity
  8
Defpoints
 62
     0
440
 16777216
100
AcDbPoint
 10
2227.114958519087
 20
5138.976157584274
 30
0.0
  0
POINT
  5
7BC
330
7A8
100
AcDbEntity
  8
Defpoints
 62
     0
440
 16777216
100
AcDbPoint
 10
1227.114958519087
 20
5138.976157584274
 30
0.0
  0
POINT
  5
7BD
330
7A8
100
AcDbEntity
  8
Defpoints
 62
     0
440
 16777216
100
AcDbPoint
 10
1227.114958519087
 20
5356.580014693332
 30
0.0
  0
ENDBLK
  5
7AA
330
7A8
100
AcDbEntity
  8
0
100
AcDbBlockEnd
  0
BLOCK
  5
7C1
330
7C0
100
AcDbEntity
  8
0
100
AcDbBlockBegin
  2
*D14
 70
     1
 10
0.0
 20
0.0
 30
0.0
  3
*D14
  1

  0
LINE
  5
7CD
330
7C0
100
AcDbEntity
  8
0
 62
     0
440
 16777216
370
    -2
100
AcDbLine
 10
2227.114958519087
 20
5139.601157584273
 30
0.0
 11
2227.114958519087
 21
5355.865182514172
 31
0.0
  0
LINE
  5
7CE
330
7C0
100
AcDbEntity
  8
0
 62
     0
440
 16777216
370
    -2
100
AcDbLine
 10
3227.114958519087
 20
5139.601157584273
 30
0.0
 11
3227.114958519087
 21
5355.865182514172
 31
0.0
  0
LINE
  5
7CF
330
7C0
100
AcDbEntity
  8
0
 62
     0
440
 16777216
370
    -2
100
AcDbLine
 10
2229.614958519087
 20
5354.615182514171
 30
0.0
 11
3224.614958519087
 21
5354.615182514171
 31
0.0
  0
SOLID
  5
7D0
330
7C0
100
AcDbEntity
  8
0
 62
     0
440
 16777216
100
AcDbTrace
 10
2229.614958519087
 20
5355.031849180838
 30
0.0
 11
2229.614958519087
 21
5354.198515847504
 31
0.0
 12
2227.114958519087
 22
5354.615182514171
 32
0.0
 13
2227.114958519087
 23
5354.615182514171
 33
0.0
  0
SOLID
  5
7D1
330
7C0
100
AcDbEntity
  8
0
 62
     0
440
 16777216
100
AcDbTrace
 10
3224.614958519087
 20
5355.031849180838
 30
0.0
 11
3224.614958519087
 21
5354.198515847504
 31
0.0
 12
3227.114958519087
 22
5354.615182514171
 32
0.0
 13
3227.114958519087
 23
5354.615182514171
 33
0.0
  0
MTEXT
  5
7D2
330
7C0
100
AcDbEntity
  8
0
 62
     0
440
 16777216
100
AcDbMText
 10
2727.114958519087
 20
5457.35478005851
 30
0.0
 40
200.0
 41
0.0
 46
0.0
 71
     5
 72
     1
  1
1000
 73
     1
 44
1.0
  0
POINT
  5
7D3
330
7C0
100
AcDbEntity
  8
Defpoints
 62
     0
440
 16777216
100
AcDbPoint
 10
2227.114958519087
 20
5138.976157584274
 30
0.0
  0
POINT
  5
7D4
330
7C0
100
AcDbEntity
  8
Defpoints
 62
     0
440
 16777216
100
AcDbPoint
 10
3227.114958519087
 20
5138.976157584274
 30
0.0
  0
POINT
  5
7D5
330
7C0
100
AcDbEntity
  8
Defpoints
 62
     0
440
 16777216
100
AcDbPoint
 10
3227.114958519087
 20
5354.615182514171
 30
0.0
  0
ENDBLK
  5
7C2
330
7C0
100
AcDbEntity
  8
0
100
AcDbBlockEnd
  0
BLOCK
  5
7D9
330
7D8
100
AcDbEntity
  8
0
100
AcDbBlockBegin
  2
*D15
 70
     1
 10
0.0
 20
0.0
 30
0.0
  3
*D15
  1

  0
LINE
  5
7E6
330
7D8
100
AcDbEntity
  8
0
 62
     0
440
 16777216
370
    -2
100
AcDbLine
 10
3227.114958519087
 20
5139.601157584273
 30
0.0
 11
3227.114958519087
 21
5461.96833419826
 31
0.0
  0
LINE
  5
7E7
330
7D8
100
AcDbEntity
  8
0
 62
     0
440
 16777216
370
    -2
100
AcDbLine
 10
3627.114958519087
 20
5139.601157584273
 30
0.0
 11
3627.114958519087
 21
5461.96833419826
 31
0.0
  0
LINE
  5
7E8
330
7D8
100
AcDbEntity
  8
0
 62
     0
440
 16777216
370
    -2
100
AcDbLine
 10
3229.614958519087
 20
5460.71833419826
 30
0.0
 11
3624.614958519087
 21
5460.71833419826
 31
0.0
  0
LINE
  5
7E9
330
7D8
100
AcDbEntity
  8
0
 62
     0
440
 16777216
370
    -2
100
AcDbLine
 10
3627.114958519087
 20
5460.71833419826
 30
0.0
 11
4080.114617454966
 21
5460.71833419826
 31
0.0
  0
SOLID
  5
7EA
330
7D8
100
AcDbEntity
  8
0
 62
     0
440
 16777216
100
AcDbTrace
 10
3229.614958519087
 20
5461.135000864927
 30
0.0
 11
3229.614958519087
 21
5460.301667531592
 31
0.0
 12
3227.114958519087
 22
5460.71833419826
 32
0.0
 13
3227.114958519087
 23
5460.71833419826
 33
0.0
  0
SOLID
  5
7EB
330
7D8
100
AcDbEntity
  8
0
 62
     0
440
 16777216
100
AcDbTrace
 10
3624.614958519087
 20
5461.135000864927
 30
0.0
 11
3624.614958519087
 21
5460.301667531592
 31
0.0
 12
3627.114958519087
 22
5460.71833419826
 32
0.0
 13
3627.114958519087
 23
5460.71833419826
 33
0.0
  0
MTEXT
  5
7EC
330
7D8
100
AcDbEntity
  8
0
 62
     0
440
 16777216
100
AcDbMText
 10
3854.864787987027
 20
5563.457931742599
 30
0.0
 40
200.0
 41
0.0
 46
0.0
 71
     5
 72
     1
  1
400
 73
     1
 44
1.0
  0
POINT
  5
7ED
330
7D8
100
AcDbEntity
  8
Defpoints
 62
     0
440
 16777216
100
AcDbPoint
 10
3227.114958519087
 20
5138.976157584274
 30
0.0
  0
POINT
  5
7EE
330
7D8
100
AcDbEntity
  8
Defpoints
 62
     0
440
 16777216
100
AcDbPoint
 10
3627.114958519087
 20
5138.976157584274
 30
0.0
  0
POINT
  5
7EF
330
7D8
100
AcDbEntity
  8
Defpoints
 62
     0
440
 16777216
100
AcDbPoint
 10
3627.114958519087
 20
5460.71833419826
 30
0.0
  0
ENDBLK
  5
7DA
330
7D8
100
AcDbEntity
  8
0
100
AcDbBlockEnd
  0
BLOCK
  5
7F3
330
7F2
100
AcDbEntity
  8
0
100
AcDbBlockBegin
  2
*D16
 70
     1
 10
0.0
 20
0.0
 30
0.0
  3
*D16
  1

  0
LINE
  5
7FF
330
7F2
100
AcDbEntity
  8
0
 62
     0
440
 16777216
370
    -2
100
AcDbLine
 10
10227.11495851909
 20
5665.407211841011
 30
0.0
 11
10227.11495851909
 21
6502.75119740497
 31
0.0
  0
LINE
  5
800
330
7F2
100
AcDbEntity
  8
0
 62
     0
440
 16777216
370
    -2
100
AcDbLine
 10
9227.114958519088
 20
5665.407211841011
 30
0.0
 11
9227.114958519088
 21
6502.75119740497
 31
0.0
  0
LINE
  5
801
330
7F2
100
AcDbEntity
  8
0
 62
     0
440
 16777216
370
    -2
100
AcDbLine
 10
10224.61495851909
 20
6501.501197404969
 30
0.0
 11
9229.614958519089
 21
6501.501197404969
 31
0.0
  0
SOLID
  5
802
330
7F2
100
AcDbEntity
  8
0
 62
     0
440
 16777216
100
AcDbTrace
 10
10224.61495851909
 20
6501.917864071637
 30
0.0
 11
10224.61495851909
 21
6501.084530738303
 31
0.0
 12
10227.11495851909
 22
6501.501197404969
 32
0.0
 13
10227.11495851909
 23
6501.501197404969
 33
0.0
  0
SOLID
  5
803
330
7F2
100
AcDbEntity
  8
0
 62
     0
440
 16777216
100
AcDbTrace
 10
9229.614958519089
 20
6501.917864071637
 30
0.0
 11
9229.614958519089
 21
6501.084530738303
 31
0.0
 12
9227.114958519088
 22
6501.501197404969
 32
0.0
 13
9227.114958519088
 23
6501.501197404969
 33
0.0
  0
MTEXT
  5
804
330
7F2
100
AcDbEntity
  8
0
 62
     0
440
 16777216
100
AcDbMText
 10
9727.114958519088
 20
6604.240794949309
 30
0.0
 40
200.0
 41
0.0
 46
0.0
 71
     5
 72
     1
  1
1000
 73
     1
 44
1.0
  0
POINT
  5
805
330
7F2
100
AcDbEntity
  8
Defpoints
 62
     0
440
 16777216
100
AcDbPoint
 10
10227.11495851909
 20
5664.782211841011
 30
0.0
  0
POINT
  5
806
330
7F2
100
AcDbEntity
  8
Defpoints
 62
     0
440
 16777216
100
AcDbPoint
 10
9227.114958519088
 20
5664.782211841011
 30
0.0
  0
POINT
  5
807
330
7F2
100
AcDbEntity
  8
Defpoints
 62
     0
440
 16777216
100
AcDbPoint
 10
9227.114958519088
 20
6501.501197404969
 30
0.0
  0
ENDBLK
  5
7F4
330
7F2
100
AcDbEntity
  8
0
100
AcDbBlockEnd
  0
BLOCK
  5
80B
330
80A
100
AcDbEntity
  8
0
100
AcDbBlockBegin
  2
*D17
 70
     1
 10
0.0
 20
0.0
 30
0.0
  3
*D17
  1

  0
LINE
  5
817
330
80A
100
AcDbEntity
  8
0
 62
     0
440
 16777216
370
    -2
100
AcDbLine
 10
4727.739469929536
 20
3735.481203481263
 30
0.0
 11
4947.05236014209
 21
3735.481203481263
 31
0.0
  0
LINE
  5
818
330
80A
100
AcDbEntity
  8
0
 62
     0
440
 16777216
370
    -2
100
AcDbLine
 10
4727.739469929536
 20
2735.481203481262
 30
0.0
 11
4947.05236014209
 21
2735.481203481262
 31
0.0
  0
LINE
  5
819
330
80A
100
AcDbEntity
  8
0
 62
     0
440
 16777216
370
    -2
100
AcDbLine
 10
4945.80236014209
 20
3732.981203481263
 30
0.0
 11
4945.80236014209
 21
2737.981203481262
 31
0.0
  0
SOLID
  5
81A
330
80A
100
AcDbEntity
  8
0
 62
     0
440
 16777216
100
AcDbTrace
 10
4945.385693475423
 20
3732.981203481263
 30
0.0
 11
4946.219026808757
 21
3732.981203481263
 31
0.0
 12
4945.80236014209
 22
3735.481203481263
 32
0.0
 13
4945.80236014209
 23
3735.481203481263
 33
0.0
  0
SOLID
  5
81B
330
80A
100
AcDbEntity
  8
0
 62
     0
440
 16777216
100
AcDbTrace
 10
4945.385693475423
 20
2737.981203481262
 30
0.0
 11
4946.219026808757
 21
2737.981203481262
 31
0.0
 12
4945.80236014209
 22
2735.481203481262
 32
0.0
 13
4945.80236014209
 23
2735.481203481262
 33
0.0
  0
MTEXT
  5
81C
330
80A
100
AcDbEntity
  8
0
 62
     0
440
 16777216
100
AcDbMText
 10
4843.062762597751
 20
3235.48120348126
 30
0.0
 40
200.0
 41
0.0
 46
0.0
 71
     5
 72
     1
  1
1000
 11
0.0000000000000001
 21
1.0
 31
0.0
 73
     1
 44
1.0
  0
POINT
  5
81D
330
80A
100
AcDbEntity
  8
Defpoints
 62
     0
440
 16777216
100
AcDbPoint
 10
4727.114469929536
 20
3735.481203481263
 30
0.0
  0
POINT
  5
81E
330
80A
100
AcDbEntity
  8
Defpoints
 62
     0
440
 16777216
100
AcDbPoint
 10
4727.114469929536
 20
2735.481203481262
 30
0.0
  0
POINT
  5
81F
330
80A
100
AcDbEntity
  8
Defpoints
 62
     0
440
 16777216
100
AcDbPoint
 10
4945.80236014209
 20
2735.481203481262
 30
0.0
  0
ENDBLK
  5
80C
330
80A
100
AcDbEntity
  8
0
100
AcDbBlockEnd
  0
BLOCK
  5
823
330
822
100
AcDbEntity
  8
0
100
AcDbBlockBegin
  2
*D18
 70
     1
 10
0.0
 20
0.0
 30
0.0
  3
*D18
  1

  0
LINE
  5
82F
330
822
100
AcDbEntity
  8
0
 62
     0
440
 16777216
370
    -2
100
AcDbLine
 10
8327.114958519088
 20
4664.157211841011
 30
0.0
 11
8327.114958519088
 21
4180.135616109037
 31
0.0
  0
LINE
  5
830
330
822
100
AcDbEntity
  8
0
 62
     0
440
 16777216
370
    -2
100
AcDbLine
 10
9227.114958519088
 20
4664.157211841011
 30
0.0
 11
9227.114958519088
 21
4180.135616109037
 31
0.0
  0
LINE
  5
831
330
822
100
AcDbEntity
  8
0
 62
     0
440
 16777216
370
    -2
100
AcDbLine
 10
8329.614958519089
 20
4181.385616109037
 30
0.0
 11
9224.614958519088
 21
4181.385616109037
 31
0.0
  0
SOLID
  5
832
330
822
100
AcDbEntity
  8
0
 62
     0
440
 16777216
100
AcDbTrace
 10
8329.614958519089
 20
4181.802282775704
 30
0.0
 11
8329.614958519089
 21
4180.96894944237
 31
0.0
 12
8327.114958519088
 22
4181.385616109037
 32
0.0
 13
8327.114958519088
 23
4181.385616109037
 33
0.0
  0
SOLID
  5
833
330
822
100
AcDbEntity
  8
0
 62
     0
440
 16777216
100
AcDbTrace
 10
9224.614958519088
 20
4181.802282775704
 30
0.0
 11
9224.614958519088
 21
4180.96894944237
 31
0.0
 12
9227.114958519088
 22
4181.385616109037
 32
0.0
 13
9227.114958519088
 23
4181.385616109037
 33
0.0
  0
MTEXT
  5
834
330
822
100
AcDbEntity
  8
0
 62
     0
440
 16777216
100
AcDbMText
 10
8777.114958519089
 20
4284.125213653376
 30
0.0
 40
200.0
 41
0.0
 46
0.0
 71
     5
 72
     1
  1
900
 73
     1
 44
1.0
  0
POINT
  5
835
330
822
100
AcDbEntity
  8
Defpoints
 62
     0
440
 16777216
100
AcDbPoint
 10
8327.114958519088
 20
4664.782211841011
 30
0.0
  0
POINT
  5
836
330
822
100
AcDbEntity
  8
Defpoints
 62
     0
440
 16777216
100
AcDbPoint
 10
9227.114958519088
 20
4664.782211841011
 30
0.0
  0
POINT
  5
837
330
822
100
AcDbEntity
  8
Defpoints
 62
     0
440
 16777216
100
AcDbPoint
 10
9227.114958519088
 20
4181.385616109037
 30
0.0
  0
ENDBLK
  5
824
330
822
100
AcDbEntity
  8
0
100
AcDbBlockEnd
  0
BLOCK
  5
83B
330
83A
100
AcDbEntity
  8
0
100
AcDbBlockBegin
  2
*D19
 70
     1
 10
0.0
 20
0.0
 30
0.0
  3
*D19
  1

  0
LINE
  5
847
330
83A
100
AcDbEntity
  8
0
 62
     0
440
 16777216
370
    -2
100
AcDbLine
 10
10227.11495851909
 20
4664.157211841011
 30
0.0
 11
10227.11495851909
 21
4144.829488580537
 31
0.0
  0
LINE
  5
848
330
83A
100
AcDbEntity
  8
0
 62
     0
440
 16777216
370
    -2
100
AcDbLine
 10
11127.11495851909
 20
4664.157211841011
 30
0.0
 11
11127.11495851909
 21
4144.829488580537
 31
0.0
  0
LINE
  5
849
330
83A
100
AcDbEntity
  8
0
 62
     0
440
 16777216
370
    -2
100
AcDbLine
 10
10229.61495851909
 20
4146.079488580537
 30
0.0
 11
11124.61495851909
 21
4146.079488580537
 31
0.0
  0
SOLID
  5
84A
330
83A
100
AcDbEntity
  8
0
 62
     0
440
 16777216
100
AcDbTrace
 10
10229.61495851909
 20
4146.496155247204
 30
0.0
 11
10229.61495851909
 21
4145.66282191387
 31
0.0
 12
10227.11495851909
 22
4146.079488580537
 32
0.0
 13
10227.11495851909
 23
4146.079488580537
 33
0.0
  0
SOLID
  5
84B
330
83A
100
AcDbEntity
  8
0
 62
     0
440
 16777216
100
AcDbTrace
 10
11124.61495851909
 20
4146.496155247204
 30
0.0
 11
11124.61495851909
 21
4145.66282191387
 31
0.0
 12
11127.11495851909
 22
4146.079488580537
 32
0.0
 13
11127.11495851909
 23
4146.079488580537
 33
0.0
  0
MTEXT
  5
84C
330
83A
100
AcDbEntity
  8
0
 62
     0
440
 16777216
100
AcDbMText
 10
10677.11495851909
 20
4248.819086124876
 30
0.0
 40
200.0
 41
0.0
 46
0.0
 71
     5
 72
     1
  1
900
 73
     1
 44
1.0
  0
POINT
  5
84D
330
83A
100
AcDbEntity
  8
Defpoints
 62
     0
440
 16777216
100
AcDbPoint
 10
10227.11495851909
 20
4664.782211841011
 30
0.0
  0
POINT
  5
84E
330
83A
100
AcDbEntity
  8
Defpoints
 62
     0
440
 16777216
100
AcDbPoint
 10
11127.11495851909
 20
4664.782211841011
 30
0.0
  0
POINT
  5
84F
330
83A
100
AcDbEntity
  8
Defpoints
 62
     0
440
 16777216
100
AcDbPoint
 10
11127.11495851909
 20
4146.079488580537
 30
0.0
  0
ENDBLK
  5
83C
330
83A
100
AcDbEntity
  8
0
100
AcDbBlockEnd
  0
BLOCK
  5
853
330
852
100
AcDbEntity
  8
0
100
AcDbBlockBegin
  2
*D20
 70
     1
 10
0.0
 20
0.0
 30
0.0
  3
*D20
  1

  0
LINE
  5
85F
330
852
100
AcDbEntity
  8
0
 62
     0
440
 16777216
370
    -2
100
AcDbLine
 10
9227.114958519088
 20
3764.157211841012
 30
0.0
 11
9227.114958519088
 21
3559.756863148592
 31
0.0
  0
LINE
  5
860
330
852
100
AcDbEntity
  8
0
 62
     0
440
 16777216
370
    -2
100
AcDbLine
 10
10227.11495851909
 20
3764.157211841012
 30
0.0
 11
10227.11495851909
 21
3559.756863148592
 31
0.0
  0
LINE
  5
861
330
852
100
AcDbEntity
  8
0
 62
     0
440
 16777216
370
    -2
100
AcDbLine
 10
9229.614958519089
 20
3561.006863148592
 30
0.0
 11
10224.61495851909
 21
3561.006863148592
 31
0.0
  0
SOLID
  5
862
330
852
100
AcDbEntity
  8
0
 62
     0
440
 16777216
100
AcDbTrace
 10
9229.614958519089
 20
3561.423529815259
 30
0.0
 11
9229.614958519089
 21
3560.590196481925
 31
0.0
 12
9227.114958519088
 22
3561.006863148592
 32
0.0
 13
9227.114958519088
 23
3561.006863148592
 33
0.0
  0
SOLID
  5
863
330
852
100
AcDbEntity
  8
0
 62
     0
440
 16777216
100
AcDbTrace
 10
10224.61495851909
 20
3561.423529815259
 30
0.0
 11
10224.61495851909
 21
3560.590196481925
 31
0.0
 12
10227.11495851909
 22
3561.006863148592
 32
0.0
 13
10227.11495851909
 23
3561.006863148592
 33
0.0
  0
MTEXT
  5
864
330
852
100
AcDbEntity
  8
0
 62
     0
440
 16777216
100
AcDbMText
 10
9727.114958519088
 20
3663.746460692931
 30
0.0
 40
200.0
 41
0.0
 46
0.0
 71
     5
 72
     1
  1
1000
 73
     1
 44
1.0
  0
POINT
  5
865
330
852
100
AcDbEntity
  8
Defpoints
 62
     0
440
 16777216
100
AcDbPoint
 10
9227.114958519088
 20
3764.782211841011
 30
0.0
  0
POINT
  5
866
330
852
100
AcDbEntity
  8
Defpoints
 62
     0
440
 16777216
100
AcDbPoint
 10
10227.11495851909
 20
3764.782211841011
 30
0.0
  0
POINT
  5
867
330
852
100
AcDbEntity
  8
Defpoints
 62
     0
440
 16777216
100
AcDbPoint
 10
10227.11495851909
 20
3561.006863148592
 30
0.0
  0
ENDBLK
  5
854
330
852
100
AcDbEntity
  8
0
100
AcDbBlockEnd
  0
BLOCK
  5
86B
330
86A
100
AcDbEntity
  8
0
100
AcDbBlockBegin
  2
*D21
 70
     1
 10
0.0
 20
0.0
 30
0.0
  3
*D21
  1

  0
LINE
  5
877
330
86A
100
AcDbEntity
  8
0
 62
     0
440
 16777216
370
    -2
100
AcDbLine
 10
9226.489958519094
 20
3764.782211841013
 30
0.0
 11
7785.437118988433
 21
3764.782211841013
 31
0.0
  0
LINE
  5
878
330
86A
100
AcDbEntity
  8
0
 62
     0
440
 16777216
370
    -2
100
AcDbLine
 10
9226.489958519094
 20
4664.782211841013
 30
0.0
 11
7785.437118988433
 21
4664.782211841013
 31
0.0
  0
LINE
  5
879
330
86A
100
AcDbEntity
  8
0
 62
     0
440
 16777216
370
    -2
100
AcDbLine
 10
7786.687118988433
 20
3767.282211841012
 30
0.0
 11
7786.687118988433
 21
4662.282211841013
 31
0.0
  0
SOLID
  5
87A
330
86A
100
AcDbEntity
  8
0
 62
     0
440
 16777216
100
AcDbTrace
 10
7786.270452321765
 20
3767.282211841012
 30
0.0
 11
7787.1037856551
 21
3767.282211841012
 31
0.0
 12
7786.687118988433
 22
3764.782211841013
 32
0.0
 13
7786.687118988433
 23
3764.782211841013
 33
0.0
  0
SOLID
  5
87B
330
86A
100
AcDbEntity
  8
0
 62
     0
440
 16777216
100
AcDbTrace
 10
7786.270452321765
 20
4662.282211841013
 30
0.0
 11
7787.1037856551
 21
4662.282211841013
 31
0.0
 12
7786.687118988433
 22
4664.782211841013
 32
0.0
 13
7786.687118988433
 23
4664.782211841013
 33
0.0
  0
MTEXT
  5
87C
330
86A
100
AcDbEntity
  8
0
 62
     0
440
 16777216
100
AcDbMText
 10
7683.947521444093
 20
4214.78221184101
 30
0.0
 40
200.0
 41
0.0
 46
0.0
 71
     5
 72
     1
  1
900
 11
0.0000000000000001
 21
1.0
 31
0.0
 73
     1
 44
1.0
  0
POINT
  5
87D
330
86A
100
AcDbEntity
  8
Defpoints
 62
     0
440
 16777216
100
AcDbPoint
 10
9227.114958519093
 20
3764.782211841013
 30
0.0
  0
POINT
  5
87E
330
86A
100
AcDbEntity
  8
Defpoints
 62
     0
440
 16777216
100
AcDbPoint
 10
9227.114958519093
 20
4664.782211841013
 30
0.0
  0
POINT
  5
87F
330
86A
100
AcDbEntity
  8
Defpoints
 62
     0
440
 16777216
100
AcDbPoint
 10
7786.687118988433
 20
4664.782211841013
 30
0.0
  0
ENDBLK
  5
86C
330
86A
100
AcDbEntity
  8
0
100
AcDbBlockEnd
  0
BLOCK
  5
883
330
882
100
AcDbEntity
  8
0
100
AcDbBlockBegin
  2
*D22
 70
     1
 10
0.0
 20
0.0
 30
0.0
  3
*D22
  1

  0
LINE
  5
88F
330
882
100
AcDbEntity
  8
0
 62
     0
440
 16777216
370
    -2
100
AcDbLine
 10
11757.11495851909
 20
4634.157211841011
 30
0.0
 11
11757.11495851909
 21
4428.051801702648
 31
0.0
  0
LINE
  5
890
330
882
100
AcDbEntity
  8
0
 62
     0
440
 16777216
370
    -2
100
AcDbLine
 10
12727.11495851909
 20
4634.157211841011
 30
0.0
 11
12727.11495851909
 21
4428.051801702648
 31
0.0
  0
LINE
  5
891
330
882
100
AcDbEntity
  8
0
 62
     0
440
 16777216
370
    -2
100
AcDbLine
 10
11759.61495851909
 20
4429.301801702648
 30
0.0
 11
12724.61495851909
 21
4429.301801702648
 31
0.0
  0
SOLID
  5
892
330
882
100
AcDbEntity
  8
0
 62
     0
440
 16777216
100
AcDbTrace
 10
11759.61495851909
 20
4429.718468369315
 30
0.0
 11
11759.61495851909
 21
4428.885135035981
 31
0.0
 12
11757.11495851909
 22
4429.301801702648
 32
0.0
 13
11757.11495851909
 23
4429.301801702648
 33
0.0
  0
SOLID
  5
893
330
882
100
AcDbEntity
  8
0
 62
     0
440
 16777216
100
AcDbTrace
 10
12724.61495851909
 20
4429.718468369315
 30
0.0
 11
12724.61495851909
 21
4428.885135035981
 31
0.0
 12
12727.11495851909
 22
4429.301801702648
 32
0.0
 13
12727.11495851909
 23
4429.301801702648
 33
0.0
  0
MTEXT
  5
894
330
882
100
AcDbEntity
  8
0
 62
     0
440
 16777216
100
AcDbMText
 10
12242.11495851909
 20
4532.041399246987
 30
0.0
 40
200.0
 41
0.0
 46
0.0
 71
     5
 72
     1
  1
970
 73
     1
 44
1.0
  0
POINT
  5
895
330
882
100
AcDbEntity
  8
Defpoints
 62
     0
440
 16777216
100
AcDbPoint
 10
11757.11495851909
 20
4634.782211841011
 30
0.0
  0
POINT
  5
896
330
882
100
AcDbEntity
  8
Defpoints
 62
     0
440
 16777216
100
AcDbPoint
 10
12727.11495851909
 20
4634.782211841011
 30
0.0
  0
POINT
  5
897
330
882
100
AcDbEntity
  8
Defpoints
 62
     0
440
 16777216
100
AcDbPoint
 10
12727.11495851909
 20
4429.301801702648
 30
0.0
  0
ENDBLK
  5
884
330
882
100
AcDbEntity
  8
0
100
AcDbBlockEnd
  0
BLOCK
  5
89B
330
89A
100
AcDbEntity
  8
0
100
AcDbBlockBegin
  2
*D23
 70
     1
 10
0.0
 20
0.0
 30
0.0
  3
*D23
  1

  0
LINE
  5
8A7
330
89A
100
AcDbEntity
  8
0
 62
     0
440
 16777216
370
    -2
100
AcDbLine
 10
12727.11495851909
 20
5635.407211841012
 30
0.0
 11
12727.11495851909
 21
5947.260279095076
 31
0.0
  0
LINE
  5
8A8
330
89A
100
AcDbEntity
  8
0
 62
     0
440
 16777216
370
    -2
100
AcDbLine
 10
13727.11495851909
 20
5635.407211841012
 30
0.0
 11
13727.11495851909
 21
5947.260279095076
 31
0.0
  0
LINE
  5
8A9
330
89A
100
AcDbEntity
  8
0
 62
     0
440
 16777216
370
    -2
100
AcDbLine
 10
12729.61495851909
 20
5946.010279095077
 30
0.0
 11
13724.61495851909
 21
5946.010279095077
 31
0.0
  0
SOLID
  5
8AA
330
89A
100
AcDbEntity
  8
0
 62
     0
440
 16777216
100
AcDbTrace
 10
12729.61495851909
 20
5946.426945761744
 30
0.0
 11
12729.61495851909
 21
5945.59361242841
 31
0.0
 12
12727.11495851909
 22
5946.010279095077
 32
0.0
 13
12727.11495851909
 23
5946.010279095077
 33
0.0
  0
SOLID
  5
8AB
330
89A
100
AcDbEntity
  8
0
 62
     0
440
 16777216
100
AcDbTrace
 10
13724.61495851909
 20
5946.426945761744
 30
0.0
 11
13724.61495851909
 21
5945.59361242841
 31
0.0
 12
13727.11495851909
 22
5946.010279095077
 32
0.0
 13
13727.11495851909
 23
5946.010279095077
 33
0.0
  0
MTEXT
  5
8AC
330
89A
100
AcDbEntity
  8
0
 62
     0
440
 16777216
100
AcDbMText
 10
13227.11495851909
 20
6048.749876639416
 30
0.0
 40
200.0
 41
0.0
 46
0.0
 71
     5
 72
     1
  1
1000
 73
     1
 44
1.0
  0
POINT
  5
8AD
330
89A
100
AcDbEntity
  8
Defpoints
 62
     0
440
 16777216
100
AcDbPoint
 10
12727.11495851909
 20
5634.782211841011
 30
0.0
  0
POINT
  5
8AE
330
89A
100
AcDbEntity
  8
Defpoints
 62
     0
440
 16777216
100
AcDbPoint
 10
13727.11495851909
 20
5634.782211841011
 30
0.0
  0
POINT
  5
8AF
330
89A
100
AcDbEntity
  8
Defpoints
 62
     0
440
 16777216
100
AcDbPoint
 10
13727.11495851909
 20
5946.010279095077
 30
0.0
  0
ENDBLK
  5
89C
330
89A
100
AcDbEntity
  8
0
100
AcDbBlockEnd
  0
BLOCK
  5
8B3
330
8B2
100
AcDbEntity
  8
0
100
AcDbBlockBegin
  2
*D24
 70
     1
 10
0.0
 20
0.0
 30
0.0
  3
*D24
  1

  0
LINE
  5
8BF
330
8B2
100
AcDbEntity
  8
0
 62
     0
440
 16777216
370
    -2
100
AcDbLine
 10
13727.73995851909
 20
5634.782211841013
 30
0.0
 11
13974.60605525614
 21
5634.782211841013
 31
0.0
  0
LINE
  5
8C0
330
8B2
100
AcDbEntity
  8
0
 62
     0
440
 16777216
370
    -2
100
AcDbLine
 10
13727.73995851909
 20
4634.782211841012
 30
0.0
 11
13974.60605525614
 21
4634.782211841012
 31
0.0
  0
LINE
  5
8C1
330
8B2
100
AcDbEntity
  8
0
 62
     0
440
 16777216
370
    -2
100
AcDbLine
 10
13973.35605525614
 20
5632.282211841013
 30
0.0
 11
13973.35605525614
 21
4637.282211841013
 31
0.0
  0
SOLID
  5
8C2
330
8B2
100
AcDbEntity
  8
0
 62
     0
440
 16777216
100
AcDbTrace
 10
13972.93938858947
 20
5632.282211841013
 30
0.0
 11
13973.7727219228
 21
5632.282211841013
 31
0.0
 12
13973.35605525614
 22
5634.782211841013
 32
0.0
 13
13973.35605525614
 23
5634.782211841013
 33
0.0
  0
SOLID
  5
8C3
330
8B2
100
AcDbEntity
  8
0
 62
     0
440
 16777216
100
AcDbTrace
 10
13972.93938858947
 20
4637.282211841013
 30
0.0
 11
13973.7727219228
 21
4637.282211841013
 31
0.0
 12
13973.35605525614
 22
4634.782211841012
 32
0.0
 13
13973.35605525614
 23
4634.782211841012
 33
0.0
  0
MTEXT
  5
8C4
330
8B2
100
AcDbEntity
  8
0
 62
     0
440
 16777216
100
AcDbMText
 10
13870.6164577118
 20
5134.782211841009
 30
0.0
 40
200.0
 41
0.0
 46
0.0
 71
     5
 72
     1
  1
1000
 11
0.0000000000000001
 21
1.0
 31
0.0
 73
     1
 44
1.0
  0
POINT
  5
8C5
330
8B2
100
AcDbEntity
  8
Defpoints
 62
     0
440
 16777216
100
AcDbPoint
 10
13727.11495851909
 20
5634.782211841013
 30
0.0
  0
POINT
  5
8C6
330
8B2
100
AcDbEntity
  8
Defpoints
 62
     0
440
 16777216
100
AcDbPoint
 10
13727.11495851909
 20
4634.782211841012
 30
0.0
  0
POINT
  5
8C7
330
8B2
100
AcDbEntity
  8
Defpoints
 62
     0
440
 16777216
100
AcDbPoint
 10
13973.35605525614
 20
4634.782211841012
 30
0.0
  0
ENDBLK
  5
8B4
330
8B2
100
AcDbEntity
  8
0
100
AcDbBlockEnd
  0
BLOCK
  5
8CB
330
8CA
100
AcDbEntity
  8
0
100
AcDbBlockBegin
  2
*D25
 70
     1
 10
0.0
 20
0.0
 30
0.0
  3
*D25
  1

  0
LINE
  5
8D8
330
8CA
100
AcDbEntity
  8
0
 62
     0
440
 16777216
370
    -2
100
AcDbLine
 10
13727.73995851909
 20
4084.782211841012
 30
0.0
 11
13959.44097657142
 21
4084.782211841012
 31
0.0
  0
LINE
  5
8D9
330
8CA
100
AcDbEntity
  8
0
 62
     0
440
 16777216
370
    -2
100
AcDbLine
 10
13727.73995851909
 20
4484.782211841013
 30
0.0
 11
13959.44097657142
 21
4484.782211841013
 31
0.0
  0
LINE
  5
8DA
330
8CA
100
AcDbEntity
  8
0
 62
     0
440
 16777216
370
    -2
100
AcDbLine
 10
13958.19097657142
 20
4087.282211841013
 30
0.0
 11
13958.19097657142
 21
4482.282211841012
 31
0.0
  0
LINE
  5
8DB
330
8CA
100
AcDbEntity
  8
0
 62
     0
440
 16777216
370
    -2
100
AcDbLine
 10
13958.19097657142
 20
4484.782211841013
 30
0.0
 11
13958.19097657142
 21
4937.781870776893
 31
0.0
  0
SOLID
  5
8DC
330
8CA
100
AcDbEntity
  8
0
 62
     0
440
 16777216
100
AcDbTrace
 10
13957.77430990476
 20
4087.282211841013
 30
0.0
 11
13958.60764323809
 21
4087.282211841013
 31
0.0
 12
13958.19097657142
 22
4084.782211841012
 32
0.0
 13
13958.19097657142
 23
4084.782211841012
 33
0.0
  0
SOLID
  5
8DD
330
8CA
100
AcDbEntity
  8
0
 62
     0
440
 16777216
100
AcDbTrace
 10
13957.77430990476
 20
4482.282211841012
 30
0.0
 11
13958.60764323809
 21
4482.282211841012
 31
0.0
 12
13958.19097657142
 22
4484.782211841013
 32
0.0
 13
13958.19097657142
 23
4484.782211841013
 33
0.0
  0
MTEXT
  5
8DE
330
8CA
100
AcDbEntity
  8
0
 62
     0
440
 16777216
100
AcDbMText
 10
13855.45137902708
 20
4712.532041308948
 30
0.0
 40
200.0
 41
0.0
 46
0.0
 71
     5
 72
     1
  1
400
 11
0.0000000000000001
 21
1.0
 31
0.0
 73
     1
 44
1.0
  0
POINT
  5
8DF
330
8CA
100
AcDbEntity
  8
Defpoints
 62
     0
440
 16777216
100
AcDbPoint
 10
13727.11495851909
 20
4084.782211841012
 30
0.0
  0
POINT
  5
8E0
330
8CA
100
AcDbEntity
  8
Defpoints
 62
     0
440
 16777216
100
AcDbPoint
 10
13727.11495851909
 20
4484.782211841013
 30
0.0
  0
POINT
  5
8E1
330
8CA
100
AcDbEntity
  8
Defpoints
 62
     0
440
 16777216
100
AcDbPoint
 10
13958.19097657142
 20
4484.782211841013
 30
0.0
  0
ENDBLK
  5
8CC
330
8CA
100
AcDbEntity
  8
0
100
AcDbBlockEnd
  0
BLOCK
  5
8E5
330
8E4
100
AcDbEntity
  8
0
100
AcDbBlockBegin
  2
*D26
 70
     1
 10
0.0
 20
0.0
 30
0.0
  3
*D26
  1

  0
LINE
  5
8F2
330
8E4
100
AcDbEntity
  8
0
 62
     0
440
 16777216
370
    -2
100
AcDbLine
 10
13727.73995851909
 20
4084.782211841012
 30
0.0
 11
14519.16294467811
 21
4084.782211841012
 31
0.0
  0
LINE
  5
8F3
330
8E4
100
AcDbEntity
  8
0
 62
     0
440
 16777216
370
    -2
100
AcDbLine
 10
13727.73995851909
 20
4484.782211841013
 30
0.0
 11
14519.16294467811
 21
4484.782211841014
 31
0.0
  0
LINE
  5
8F4
330
8E4
100
AcDbEntity
  8
0
 62
     0
440
 16777216
370
    -2
100
AcDbLine
 10
14517.91294467811
 20
4087.282211841013
 30
0.0
 11
14517.91294467811
 21
4482.282211841014
 31
0.0
  0
LINE
  5
8F5
330
8E4
100
AcDbEntity
  8
0
 62
     0
440
 16777216
370
    -2
100
AcDbLine
 10
14517.91294467811
 20
4484.782211841014
 30
0.0
 11
14517.91294467811
 21
4937.781870776894
 31
0.0
  0
SOLID
  5
8F6
330
8E4
100
AcDbEntity
  8
0
 62
     0
440
 16777216
100
AcDbTrace
 10
14517.49627801145
 20
4087.282211841013
 30
0.0
 11
14518.32961134478
 21
4087.282211841013
 31
0.0
 12
14517.91294467811
 22
4084.782211841012
 32
0.0
 13
14517.91294467811
 23
4084.782211841012
 33
0.0
  0
SOLID
  5
8F7
330
8E4
100
AcDbEntity
  8
0
 62
     0
440
 16777216
100
AcDbTrace
 10
14517.49627801145
 20
4482.282211841014
 30
0.0
 11
14518.32961134478
 21
4482.282211841014
 31
0.0
 12
14517.91294467811
 22
4484.782211841014
 32
0.0
 13
14517.91294467811
 23
4484.782211841014
 33
0.0
  0
MTEXT
  5
8F8
330
8E4
100
AcDbEntity
  8
0
 62
     0
440
 16777216
100
AcDbMText
 10
14415.17334713377
 20
4712.532041308948
 30
0.0
 40
200.0
 41
0.0
 46
0.0
 71
     5
 72
     1
  1
400
 11
0.0000000000000001
 21
1.0
 31
0.0
 73
     1
 44
1.0
  0
POINT
  5
8F9
330
8E4
100
AcDbEntity
  8
Defpoints
 62
     0
440
 16777216
100
AcDbPoint
 10
13727.11495851909
 20
4084.782211841012
 30
0.0
  0
POINT
  5
8FA
330
8E4
100
AcDbEntity
  8
Defpoints
 62
     0
440
 16777216
100
AcDbPoint
 10
13727.11495851909
 20
4484.782211841013
 30
0.0
  0
POINT
  5
8FB
330
8E4
100
AcDbEntity
  8
Defpoints
 62
     0
440
 16777216
100
AcDbPoint
 10
14517.91294467811
 20
4484.782211841014
 30
0.0
  0
ENDBLK
  5
8E6
330
8E4
100
AcDbEntity
  8
0
100
AcDbBlockEnd
  0
BLOCK
  5
8FF
330
8FE
100
AcDbEntity
  8
0
100
AcDbBlockBegin
  2
*D27
 70
     1
 10
0.0
 20
0.0
 30
0.0
  3
*D27
  1

  0
LINE
  5
90C
330
8FE
100
AcDbEntity
  8
0
 62
     0
440
 16777216
370
    -2
100
AcDbLine
 10
13727.73995851909
 20
3534.782211841013
 30
0.0
 11
14547.66144703464
 21
3534.782211841013
 31
0.0
  0
LINE
  5
90D
330
8FE
100
AcDbEntity
  8
0
 62
     0
440
 16777216
370
    -2
100
AcDbLine
 10
13727.73995851909
 20
3934.782211841013
 30
0.0
 11
14547.66144703464
 21
3934.782211841013
 31
0.0
  0
LINE
  5
90E
330
8FE
100
AcDbEntity
  8
0
 62
     0
440
 16777216
370
    -2
100
AcDbLine
 10
14546.41144703464
 20
3537.282211841013
 30
0.0
 11
14546.41144703464
 21
3932.282211841013
 31
0.0
  0
LINE
  5
90F
330
8FE
100
AcDbEntity
  8
0
 62
     0
440
 16777216
370
    -2
100
AcDbLine
 10
14546.41144703464
 20
3934.782211841013
 30
0.0
 11
14546.41144703463
 21
4387.781870776893
 31
0.0
  0
SOLID
  5
910
330
8FE
100
AcDbEntity
  8
0
 62
     0
440
 16777216
100
AcDbTrace
 10
14545.99478036797
 20
3537.282211841013
 30
0.0
 11
14546.8281137013
 21
3537.282211841013
 31
0.0
 12
14546.41144703464
 22
3534.782211841013
 32
0.0
 13
14546.41144703464
 23
3534.782211841013
 33
0.0
  0
SOLID
  5
911
330
8FE
100
AcDbEntity
  8
0
 62
     0
440
 16777216
100
AcDbTrace
 10
14545.99478036797
 20
3932.282211841013
 30
0.0
 11
14546.8281137013
 21
3932.282211841013
 31
0.0
 12
14546.41144703464
 22
3934.782211841013
 32
0.0
 13
14546.41144703464
 23
3934.782211841013
 33
0.0
  0
MTEXT
  5
912
330
8FE
100
AcDbEntity
  8
0
 62
     0
440
 16777216
100
AcDbMText
 10
14443.6718494903
 20
4162.532041308948
 30
0.0
 40
200.0
 41
0.0
 46
0.0
 71
     5
 72
     1
  1
400
 11
0.0000000000000001
 21
1.0
 31
0.0
 73
     1
 44
1.0
  0
POINT
  5
913
330
8FE
100
AcDbEntity
  8
Defpoints
 62
     0
440
 16777216
100
AcDbPoint
 10
13727.11495851909
 20
3534.782211841013
 30
0.0
  0
POINT
  5
914
330
8FE
100
AcDbEntity
  8
Defpoints
 62
     0
440
 16777216
100
AcDbPoint
 10
13727.11495851909
 20
3934.782211841013
 30
0.0
  0
POINT
  5
915
330
8FE
100
AcDbEntity
  8
Defpoints
 62
     0
440
 16777216
100
AcDbPoint
 10
14546.41144703464
 20
3934.782211841013
 30
0.0
  0
ENDBLK
  5
900
330
8FE
100
AcDbEntity
  8
0
100
AcDbBlockEnd
  0
BLOCK
  5
919
330
918
100
AcDbEntity
  8
0
100
AcDbBlockBegin
  2
*D28
 70
     1
 10
0.0
 20
0.0
 30
0.0
  3
*D28
  1

  0
LINE
  5
926
330
918
100
AcDbEntity
  8
0
 62
     0
440
 16777216
370
    -2
100
AcDbLine
 10
13727.73995851909
 20
2284.782211841012
 30
0.0
 11
14817.06258887019
 21
2284.782211841012
 31
0.0
  0
LINE
  5
927
330
918
100
AcDbEntity
  8
0
 62
     0
440
 16777216
370
    -2
100
AcDbLine
 10
13727.73995851909
 20
2434.782211841012
 30
0.0
 11
14817.06258887019
 21
2434.782211841012
 31
0.0
  0
LINE
  5
928
330
918
100
AcDbEntity
  8
0
 62
     0
440
 16777216
370
    -2
100
AcDbLine
 10
14815.81258887019
 20
2287.282211841012
 30
0.0
 11
14815.81258887019
 21
2432.282211841013
 31
0.0
  0
LINE
  5
929
330
918
100
AcDbEntity
  8
0
 62
     0
440
 16777216
370
    -2
100
AcDbLine
 10
14815.81258887019
 20
2434.782211841012
 30
0.0
 11
14815.81258887019
 21
2860.906018116592
 31
0.0
  0
SOLID
  5
92A
330
918
100
AcDbEntity
  8
0
 62
     0
440
 16777216
100
AcDbTrace
 10
14815.39592220352
 20
2287.282211841012
 30
0.0
 11
14816.22925553685
 21
2287.282211841012
 31
0.0
 12
14815.81258887019
 22
2284.782211841012
 32
0.0
 13
14815.81258887019
 23
2284.782211841012
 33
0.0
  0
SOLID
  5
92B
330
918
100
AcDbEntity
  8
0
 62
     0
440
 16777216
100
AcDbTrace
 10
14815.39592220352
 20
2432.282211841013
 30
0.0
 11
14816.22925553685
 21
2432.282211841013
 31
0.0
 12
14815.81258887019
 22
2434.782211841012
 32
0.0
 13
14815.81258887019
 23
2434.782211841012
 33
0.0
  0
MTEXT
  5
92C
330
918
100
AcDbEntity
  8
0
 62
     0
440
 16777216
100
AcDbMText
 10
14713.07299132585
 20
2649.094114978798
 30
0.0
 40
200.0
 41
0.0
 46
0.0
 71
     5
 72
     1
  1
150
 11
0.0000000000000001
 21
1.0
 31
0.0
 73
     1
 44
1.0
  0
POINT
  5
92D
330
918
100
AcDbEntity
  8
Defpoints
 62
     0
440
 16777216
100
AcDbPoint
 10
13727.11495851909
 20
2284.782211841012
 30
0.0
  0
POINT
  5
92E
330
918
100
AcDbEntity
  8
Defpoints
 62
     0
440
 16777216
100
AcDbPoint
 10
13727.11495851909
 20
2434.782211841012
 30
0.0
  0
POINT
  5
92F
330
918
100
AcDbEntity
  8
Defpoints
 62
     0
440
 16777216
100
AcDbPoint
 10
14815.81258887019
 20
2434.782211841012
 30
0.0
  0
ENDBLK
  5
91A
330
918
100
AcDbEntity
  8
0
100
AcDbBlockEnd
  0
BLOCK
  5
933
330
932
100
AcDbEntity
  8
0
100
AcDbBlockBegin
  2
*D29
 70
     1
 10
0.0
 20
0.0
 30
0.0
  3
*D29
  1

  0
LINE
  5
93F
330
932
100
AcDbEntity
  8
0
 62
     0
440
 16777216
370
    -2
100
AcDbLine
 10
10227.11495851909
 20
1635.407211841011
 30
0.0
 11
10227.11495851909
 21
1830.494061968464
 31
0.0
  0
LINE
  5
940
330
932
100
AcDbEntity
  8
0
 62
     0
440
 16777216
370
    -2
100
AcDbLine
 10
11727.11495851909
 20
1635.407211841011
 30
0.0
 11
11727.11495851909
 21
1830.494061968464
 31
0.0
  0
LINE
  5
941
330
932
100
AcDbEntity
  8
0
 62
     0
440
 16777216
370
    -2
100
AcDbLine
 10
10229.61495851909
 20
1829.244061968464
 30
0.0
 11
11724.61495851909
 21
1829.244061968464
 31
0.0
  0
SOLID
  5
942
330
932
100
AcDbEntity
  8
0
 62
     0
440
 16777216
100
AcDbTrace
 10
10229.61495851909
 20
1829.660728635131
 30
0.0
 11
10229.61495851909
 21
1828.827395301797
 31
0.0
 12
10227.11495851909
 22
1829.244061968464
 32
0.0
 13
10227.11495851909
 23
1829.244061968464
 33
0.0
  0
SOLID
  5
943
330
932
100
AcDbEntity
  8
0
 62
     0
440
 16777216
100
AcDbTrace
 10
11724.61495851909
 20
1829.660728635131
 30
0.0
 11
11724.61495851909
 21
1828.827395301797
 31
0.0
 12
11727.11495851909
 22
1829.244061968464
 32
0.0
 13
11727.11495851909
 23
1829.244061968464
 33
0.0
  0
MTEXT
  5
944
330
932
100
AcDbEntity
  8
0
 62
     0
440
 16777216
100
AcDbMText
 10
10977.11495851909
 20
1931.983659512802
 30
0.0
 40
200.0
 41
0.0
 46
0.0
 71
     5
 72
     1
  1
1500
 73
     1
 44
1.0
  0
POINT
  5
945
330
932
100
AcDbEntity
  8
Defpoints
 62
     0
440
 16777216
100
AcDbPoint
 10
10227.11495851909
 20
1634.782211841011
 30
0.0
  0
POINT
  5
946
330
932
100
AcDbEntity
  8
Defpoints
 62
     0
440
 16777216
100
AcDbPoint
 10
11727.11495851909
 20
1634.782211841011
 30
0.0
  0
POINT
  5
947
330
932
100
AcDbEntity
  8
Defpoints
 62
     0
440
 16777216
100
AcDbPoint
 10
11727.11495851909
 20
1829.244061968464
 30
0.0
  0
ENDBLK
  5
934
330
932
100
AcDbEntity
  8
0
100
AcDbBlockEnd
  0
BLOCK
  5
94B
330
94A
100
AcDbEntity
  8
0
100
AcDbBlockBegin
  2
*D30
 70
     1
 10
0.0
 20
0.0
 30
0.0
  3
*D30
  1

  0
LINE
  5
958
330
94A
100
AcDbEntity
  8
0
 62
     0
440
 16777216
370
    -2
100
AcDbLine
 10
10227.73995851909
 20
1134.782211841012
 30
0.0
 11
10386.44040272292
 21
1134.782211841012
 31
0.0
  0
LINE
  5
959
330
94A
100
AcDbEntity
  8
0
 62
     0
440
 16777216
370
    -2
100
AcDbLine
 10
10227.73995851909
 20
1334.782211841012
 30
0.0
 11
10386.44040272292
 21
1334.782211841012
 31
0.0
  0
LINE
  5
95A
330
94A
100
AcDbEntity
  8
0
 62
     0
440
 16777216
370
    -2
100
AcDbLine
 10
10385.19040272292
 20
1137.282211841012
 30
0.0
 11
10385.19040272292
 21
1332.282211841012
 31
0.0
  0
LINE
  5
95B
330
94A
100
AcDbEntity
  8
0
 62
     0
440
 16777216
370
    -2
100
AcDbLine
 10
10385.19040272292
 20
1334.782211841012
 30
0.0
 11
10385.19040272292
 21
1783.143398744149
 31
0.0
  0
SOLID
  5
95C
330
94A
100
AcDbEntity
  8
0
 62
     0
440
 16777216
100
AcDbTrace
 10
10384.77373605626
 20
1137.282211841012
 30
0.0
 11
10385.60706938959
 21
1137.282211841012
 31
0.0
 12
10385.19040272292
 22
1134.782211841012
 32
0.0
 13
10385.19040272292
 23
1134.782211841012
 33
0.0
  0
SOLID
  5
95D
330
94A
100
AcDbEntity
  8
0
 62
     0
440
 16777216
100
AcDbTrace
 10
10384.77373605626
 20
1332.282211841012
 30
0.0
 11
10385.60706938959
 21
1332.282211841012
 31
0.0
 12
10385.19040272292
 22
1334.782211841012
 32
0.0
 13
10385.19040272292
 23
1334.782211841012
 33
0.0
  0
MTEXT
  5
95E
330
94A
100
AcDbEntity
  8
0
 62
     0
440
 16777216
100
AcDbMText
 10
10282.45080517858
 20
1560.212805292577
 30
0.0
 40
200.0
 41
0.0
 46
0.0
 71
     5
 72
     1
  1
200
 11
0.0000000000000001
 21
1.0
 31
0.0
 73
     1
 44
1.0
  0
POINT
  5
95F
330
94A
100
AcDbEntity
  8
Defpoints
 62
     0
440
 16777216
100
AcDbPoint
 10
10227.11495851909
 20
1134.782211841012
 30
0.0
  0
POINT
  5
960
330
94A
100
AcDbEntity
  8
Defpoints
 62
     0
440
 16777216
100
AcDbPoint
 10
10227.11495851909
 20
1334.782211841012
 30
0.0
  0
POINT
  5
961
330
94A
100
AcDbEntity
  8
Defpoints
 62
     0
440
 16777216
100
AcDbPoint
 10
10385.19040272292
 20
1334.782211841012
 30
0.0
  0
ENDBLK
  5
94C
330
94A
100
AcDbEntity
  8
0
100
AcDbBlockEnd
  0
BLOCK
  5
965
330
964
100
AcDbEntity
  8
0
100
AcDbBlockBegin
  2
*D31
 70
     1
 10
0.0
 20
0.0
 30
0.0
  3
*D31
  1

  0
LINE
  5
972
330
964
100
AcDbEntity
  8
0
 62
     0
440
 16777216
370
    -2
100
AcDbLine
 10
10226.48995851909
 20
1134.782211841012
 30
0.0
 11
9990.999662302385
 21
1134.782211841012
 31
0.0
  0
LINE
  5
973
330
964
100
AcDbEntity
  8
0
 62
     0
440
 16777216
370
    -2
100
AcDbLine
 10
10226.48995851909
 20
1034.782211841012
 30
0.0
 11
9990.999662302385
 21
1034.782211841012
 31
0.0
  0
LINE
  5
974
330
964
100
AcDbEntity
  8
0
 62
     0
440
 16777216
370
    -2
100
AcDbLine
 10
9992.249662302384
 20
1132.282211841012
 30
0.0
 11
9992.249662302384
 21
1037.282211841012
 31
0.0
  0
LINE
  5
975
330
964
100
AcDbEntity
  8
0
 62
     0
440
 16777216
370
    -2
100
AcDbLine
 10
9992.249662302384
 20
1034.782211841012
 30
0.0
 11
9992.249662302384
 21
608.6584055654318
 31
0.0
  0
SOLID
  5
976
330
964
100
AcDbEntity
  8
0
 62
     0
440
 16777216
100
AcDbTrace
 10
9991.832995635718
 20
1132.282211841012
 30
0.0
 11
9992.66632896905
 21
1132.282211841012
 31
0.0
 12
9992.249662302384
 22
1134.782211841012
 32
0.0
 13
9992.249662302384
 23
1134.782211841012
 33
0.0
  0
SOLID
  5
977
330
964
100
AcDbEntity
  8
0
 62
     0
440
 16777216
100
AcDbTrace
 10
9991.832995635718
 20
1037.282211841012
 30
0.0
 11
9992.66632896905
 21
1037.282211841012
 31
0.0
 12
9992.249662302384
 22
1034.782211841012
 32
0.0
 13
9992.249662302384
 23
1034.782211841012
 33
0.0
  0
MTEXT
  5
978
330
964
100
AcDbEntity
  8
0
 62
     0
440
 16777216
100
AcDbMText
 10
9889.510064758043
 20
820.4703087032187
 30
0.0
 40
200.0
 41
0.0
 46
0.0
 71
     5
 72
     1
  1
100
 11
0.0000000000000001
 21
1.0
 31
0.0
 73
     1
 44
1.0
  0
POINT
  5
979
330
964
100
AcDbEntity
  8
Defpoints
 62
     0
440
 16777216
100
AcDbPoint
 10
10227.11495851909
 20
1134.782211841012
 30
0.0
  0
POINT
  5
97A
330
964
100
AcDbEntity
  8
Defpoints
 62
     0
440
 16777216
100
AcDbPoint
 10
10227.11495851909
 20
1034.782211841012
 30
0.0
  0
POINT
  5
97B
330
964
100
AcDbEntity
  8
Defpoints
 62
     0
440
 16777216
100
AcDbPoint
 10
9992.249662302384
 20
1034.782211841012
 30
0.0
  0
ENDBLK
  5
966
330
964
100
AcDbEntity
  8
0
100
AcDbBlockEnd
  0
BLOCK
  5
97F
330
97E
100
AcDbEntity
  8
0
100
AcDbBlockBegin
  2
*D32
 70
     1
 10
0.0
 20
0.0
 30
0.0
  3
*D32
  1

  0
LINE
  5
98B
330
97E
100
AcDbEntity
  8
0
 62
     0
440
 16777216
370
    -2
100
AcDbLine
 10
13727.73995851909
 20
734.7822118410115
 30
0.0
 11
14824.17279395119
 21
734.7822118410116
 31
0.0
  0
LINE
  5
98C
330
97E
100
AcDbEntity
  8
0
 62
     0
440
 16777216
370
    -2
100
AcDbLine
 10
13727.73995851909
 20
1734.782211841012
 30
0.0
 11
14824.17279395119
 21
1734.782211841012
 31
0.0
  0
LINE
  5
98D
330
97E
100
AcDbEntity
  8
0
 62
     0
440
 16777216
370
    -2
100
AcDbLine
 10
14822.92279395119
 20
737.2822118410116
 30
0.0
 11
14822.92279395119
 21
1732.282211841013
 31
0.0
  0
SOLID
  5
98E
330
97E
100
AcDbEntity
  8
0
 62
     0
440
 16777216
100
AcDbTrace
 10
14822.50612728452
 20
737.2822118410116
 30
0.0
 11
14823.33946061785
 21
737.2822118410116
 31
0.0
 12
14822.92279395119
 22
734.7822118410116
 32
0.0
 13
14822.92279395119
 23
734.7822118410116
 33
0.0
  0
SOLID
  5
98F
330
97E
100
AcDbEntity
  8
0
 62
     0
440
 16777216
100
AcDbTrace
 10
14822.50612728452
 20
1732.282211841013
 30
0.0
 11
14823.33946061785
 21
1732.282211841013
 31
0.0
 12
14822.92279395119
 22
1734.782211841012
 32
0.0
 13
14822.92279395119
 23
1734.782211841012
 33
0.0
  0
MTEXT
  5
990
330
97E
100
AcDbEntity
  8
0
 62
     0
440
 16777216
100
AcDbMText
 10
14720.18319640685
 20
1234.782211841008
 30
0.0
 40
200.0
 41
0.0
 46
0.0
 71
     5
 72
     1
  1
1000
 11
0.0000000000000001
 21
1.0
 31
0.0
 73
     1
 44
1.0
  0
POINT
  5
991
330
97E
100
AcDbEntity
  8
Defpoints
 62
     0
440
 16777216
100
AcDbPoint
 10
13727.11495851909
 20
734.7822118410115
 30
0.0
  0
POINT
  5
992
330
97E
100
AcDbEntity
  8
Defpoints
 62
     0
440
 16777216
100
AcDbPoint
 10
13727.11495851909
 20
1734.782211841012
 30
0.0
  0
POINT
  5
993
330
97E
100
AcDbEntity
  8
Defpoints
 62
     0
440
 16777216
100
AcDbPoint
 10
14822.92279395119
 20
1734.782211841012
 30
0.0
  0
ENDBLK
  5
980
330
97E
100
AcDbEntity
  8
0
100
AcDbBlockEnd
  0
BLOCK
  5
998
330
997
100
AcDbEntity
  8
0
100
AcDbBlockBegin
  2
*D33
 70
     1
 10
0.0
 20
0.0
 30
0.0
  3
*D33
  1

  0
LINE
  5
9A4
330
997
100
AcDbEntity
  8
0
 62
     0
440
 16777216
370
    -2
100
AcDbLine
 10
4227.114958519087
 20
3235.407211841012
 30
0.0
 11
4227.114958519087
 21
4228.065399542887
 31
0.0
  0
LINE
  5
9A5
330
997
100
AcDbEntity
  8
0
 62
     0
440
 16777216
370
    -2
100
AcDbLine
 10
227.1149585190869
 20
235.4072118410113
 30
0.0
 11
227.1149585190872
 21
4228.065399542887
 31
0.0
  0
LINE
  5
9A6
330
997
100
AcDbEntity
  8
0
 62
     0
440
 16777216
370
    -2
100
AcDbLine
 10
4224.614958519087
 20
4226.815399542887
 30
0.0
 11
229.6149585190872
 21
4226.815399542887
 31
0.0
  0
SOLID
  5
9A7
330
997
100
AcDbEntity
  8
0
 62
     0
440
 16777216
100
AcDbTrace
 10
4224.614958519087
 20
4227.232066209555
 30
0.0
 11
4224.614958519087
 21
4226.39873287622
 31
0.0
 12
4227.114958519087
 22
4226.815399542887
 32
0.0
 13
4227.114958519087
 23
4226.815399542887
 33
0.0
  0
SOLID
  5
9A8
330
997
100
AcDbEntity
  8
0
 62
     0
440
 16777216
100
AcDbTrace
 10
229.6149585190872
 20
4227.232066209555
 30
0.0
 11
229.6149585190872
 21
4226.39873287622
 31
0.0
 12
227.1149585190872
 22
4226.815399542887
 32
0.0
 13
227.1149585190872
 23
4226.815399542887
 33
0.0
  0
MTEXT
  5
9A9
330
997
100
AcDbEntity
  8
0
 62
     0
440
 16777216
100
AcDbMText
 10
2227.114958519087
 20
4329.554997087226
 30
0.0
 40
200.0
 41
0.0
 46
0.0
 71
     5
 72
     1
  1
4000
 73
     1
 44
1.0
  0
POINT
  5
9AA
330
997
100
AcDbEntity
  8
Defpoints
 62
     0
440
 16777216
100
AcDbPoint
 10
4227.114958519087
 20
3234.782211841011
 30
0.0
  0
POINT
  5
9AB
330
997
100
AcDbEntity
  8
Defpoints
 62
     0
440
 16777216
100
AcDbPoint
 10
227.1149585190869
 20
234.7822118410113
 30
0.0
  0
POINT
  5
9AC
330
997
100
AcDbEntity
  8
Defpoints
 62
     0
440
 16777216
100
AcDbPoint
 10
227.1149585190872
 20
4226.815399542887
 30
0.0
  0
ENDBLK
  5
999
330
997
100
AcDbEntity
  8
0
100
AcDbBlockEnd
  0
BLOCK
  5
9B0
330
9AF
100
AcDbEntity
  8
0
100
AcDbBlockBegin
  2
*D34
 70
     1
 10
0.0
 20
0.0
 30
0.0
  3
*D34
  1

  0
LINE
  5
9BC
330
9AF
100
AcDbEntity
  8
0
 62
     0
440
 16777216
370
    -2
100
AcDbLine
 10
4227.739958519088
 20
3234.782211841013
 30
0.0
 11
5296.022788514706
 21
3234.782211841014
 31
0.0
  0
LINE
  5
9BD
330
9AF
100
AcDbEntity
  8
0
 62
     0
440
 16777216
370
    -2
100
AcDbLine
 10
227.739958519087
 20
234.7822118410114
 30
0.0
 11
5296.022788514707
 21
234.7822118410122
 31
0.0
  0
LINE
  5
9BE
330
9AF
100
AcDbEntity
  8
0
 62
     0
440
 16777216
370
    -2
100
AcDbLine
 10
5294.772788514706
 20
3232.282211841014
 30
0.0
 11
5294.772788514706
 21
237.2822118410122
 31
0.0
  0
SOLID
  5
9BF
330
9AF
100
AcDbEntity
  8
0
 62
     0
440
 16777216
100
AcDbTrace
 10
5294.356121848039
 20
3232.282211841014
 30
0.0
 11
5295.189455181373
 21
3232.282211841014
 31
0.0
 12
5294.772788514706
 22
3234.782211841014
 32
0.0
 13
5294.772788514706
 23
3234.782211841014
 33
0.0
  0
SOLID
  5
9C0
330
9AF
100
AcDbEntity
  8
0
 62
     0
440
 16777216
100
AcDbTrace
 10
5294.356121848039
 20
237.2822118410122
 30
0.0
 11
5295.189455181374
 21
237.2822118410122
 31
0.0
 12
5294.772788514706
 22
234.7822118410122
 32
0.0
 13
5294.772788514706
 23
234.7822118410122
 33
0.0
  0
MTEXT
  5
9C1
330
9AF
100
AcDbEntity
  8
0
 62
     0
440
 16777216
100
AcDbMText
 10
5191.964978146357
 20
1734.782211841011
 30
0.0
 40
200.0
 41
0.0
 46
0.0
 71
     5
 72
     1
  1
3000
 11
0.0000000000000001
 21
1.0
 31
0.0
 73
     1
 44
1.0
  0
POINT
  5
9C2
330
9AF
100
AcDbEntity
  8
Defpoints
 62
     0
440
 16777216
100
AcDbPoint
 10
4227.114958519089
 20
3234.782211841013
 30
0.0
  0
POINT
  5
9C3
330
9AF
100
AcDbEntity
  8
Defpoints
 62
     0
440
 16777216
100
AcDbPoint
 10
227.1149585190871
 20
234.7822118410114
 30
0.0
  0
POINT
  5
9C4
330
9AF
100
AcDbEntity
  8
Defpoints
 62
     0
440
 16777216
100
AcDbPoint
 10
5294.772788514706
 20
234.7822118410122
 30
0.0
  0
ENDBLK
  5
9B1
330
9AF
100
AcDbEntity
  8
0
100
AcDbBlockEnd
  0
ENDSEC
  0
SECTION
  2
ENTITIES
  0
LINE
  5
3E7
330
1F
100
AcDbEntity
  8
0
100
AcDbLine
 10
227.1149585190869
 20
234.7822118410113
 30
0.0
 11
14227.11495851908
 21
234.7822118410113
 31
0.0
  0
LINE
  5
3E8
330
1F
100
AcDbEntity
  8
0
100
AcDbLine
 10
14227.11495851908
 20
234.7822118410113
 30
0.0
 11
14227.11495851908
 21
6234.782211841011
 31
0.0
  0
LINE
  5
3E9
330
1F
100
AcDbEntity
  8
0
100
AcDbLine
 10
14227.11495851908
 20
6234.782211841011
 30
0.0
 11
227.1149585190869
 21
6234.782211841011
 31
0.0
  0
LINE
  5
3EA
330
1F
100
AcDbEntity
  8
0
100
AcDbLine
 10
227.1149585190869
 20
6234.782211841011
 30
0.0
 11
227.1149585190869
 21
234.7822118410113
 31
0.0
  0
LINE
  5
3F4
102
{ACAD_REACTORS
330
653
102
}
330
1F
100
AcDbEntity
  8
0
  6
ACAD_ISO02W100
100
AcDbLine
 10
4227.114958519087
 20
3734.782211841011
 30
0.0
 11
4727.114469929534
 21
3735.481203481261
 31
0.0
  0
LINE
  5
3F5
102
{ACAD_REACTORS
330
653
330
820
102
}
330
1F
100
AcDbEntity
  8
0
  6
ACAD_ISO02W100
100
AcDbLine
 10
4727.114469929534
 20
3735.481203481261
 30
0.0
 11
4727.114469929534
 21
2735.481203481261
 31
0.0
  0
LINE
  5
3F6
102
{ACAD_REACTORS
330
653
102
}
330
1F
100
AcDbEntity
  8
0
  6
ACAD_ISO02W100
100
AcDbLine
 10
4727.114469929534
 20
2735.481203481261
 30
0.0
 11
3727.114469929535
 21
2735.481203481261
 31
0.0
  0
LINE
  5
3F7
102
{ACAD_REACTORS
330
653
102
}
330
1F
100
AcDbEntity
  8
0
  6
ACAD_ISO02W100
100
AcDbLine
 10
3727.114469929535
 20
2735.481203481261
 30
0.0
 11
3727.114469929535
 21
3735.481203481261
 31
0.0
  0
LINE
  5
3F8
102
{ACAD_REACTORS
330
653
102
}
330
1F
100
AcDbEntity
  8
0
  6
ACAD_ISO02W100
100
AcDbLine
 10
3727.114469929535
 20
3735.481203481261
 30
0.0
 11
4227.114958519087
 21
3734.782211841011
 31
0.0
  0
LINE
  5
410
102
{ACAD_REACTORS
330
9AD
330
9C5
102
}
330
1F
100
AcDbEntity
  8
0
  6
ACAD_ISO02W100
100
AcDbLine
 10
227.1149585190869
 20
234.7822118410113
 30
0.0
 11
727.1149585190869
 21
234.7822118410113
 31
0.0
  0
LINE
  5
411
102
{ACAD_REACTORS
330
6E2
102
}
330
1F
100
AcDbEntity
  8
0
  6
ACAD_ISO02W100
100
AcDbLine
 10
727.1149585190869
 20
234.7822118410113
 30
0.0
 11
727.1149585190869
 21
734.7822118410113
 31
0.0
  0
LINE
  5
412
102
{ACAD_REACTORS
330
63C
102
}
330
1F
100
AcDbEntity
  8
0
  6
ACAD_ISO02W100
100
AcDbLine
 10
727.1149585190869
 20
734.7822118410113
 30
0.0
 11
2727.114958519087
 21
734.7822118410113
 31
0.0
  0
LINE
  5
413
102
{ACAD_REACTORS
330
63C
330
712
330
72A
330
75A
102
}
330
1F
100
AcDbEntity
  8
0
  6
ACAD_ISO02W100
100
AcDbLine
 10
2727.114958519087
 20
734.7822118410113
 30
0.0
 11
2727.114958519087
 21
1734.782211841011
 31
0.0
  0
LINE
  5
414
102
{ACAD_REACTORS
330
63C
330
75A
102
}
330
1F
100
AcDbEntity
  8
0
  6
ACAD_ISO02W100
100
AcDbLine
 10
2727.114958519087
 20
1734.782211841011
 30
0.0
 11
1727.114958519087
 21
1734.782211841011
 31
0.0
  0
LINE
  5
415
102
{ACAD_REACTORS
330
634
102
}
330
1F
100
AcDbEntity
  8
0
  6
ACAD_ISO02W100
100
AcDbLine
 10
1727.114958519087
 20
1734.782211841011
 30
0.0
 11
1727.114958519087
 21
2734.782211841011
 31
0.0
  0
LINE
  5
416
102
{ACAD_REACTORS
330
634
330
742
102
}
330
1F
100
AcDbEntity
  8
0
  6
ACAD_ISO02W100
100
AcDbLine
 10
1727.114958519087
 20
2734.782211841011
 30
0.0
 11
727.1149585190868
 21
2734.782211841011
 31
0.0
  0
LINE
  5
417
102
{ACAD_REACTORS
330
634
102
}
330
1F
100
AcDbEntity
  8
0
  6
ACAD_ISO02W100
100
AcDbLine
 10
727.1149585190868
 20
2734.782211841011
 30
0.0
 11
727.1149585190869
 21
734.7822118410113
 31
0.0
  0
LINE
  5
418
102
{ACAD_REACTORS
330
634
330
63C
330
6E2
330
6FA
330
712
330
72A
102
}
330
1F
100
AcDbEntity
  8
0
  6
ACAD_ISO02W100
100
AcDbLine
 10
1727.114958519087
 20
1734.782211841011
 30
0.0
 11
727.1149585190869
 21
734.7822118410113
 31
0.0
  0
LINE
  5
419
102
{ACAD_REACTORS
330
6FA
330
742
102
}
330
1F
100
AcDbEntity
  8
0
  6
ACAD_ISO02W100
100
AcDbLine
 10
727.1149585190868
 20
2734.782211841011
 30
0.0
 11
1227.114958519087
 21
2734.782211841011
 31
0.0
  0
LINE
  5
41A
102
{ACAD_REACTORS
330
485
102
}
330
1F
100
AcDbEntity
  8
0
  6
ACAD_ISO02W100
100
AcDbLine
 10
1227.114958519087
 20
2734.782211841011
 30
0.0
 11
1227.114958519087
 21
3738.976157584273
 31
0.0
  0
CIRCLE
  5
436
102
{ACAD_REACTORS
330
485
102
}
330
1F
100
AcDbEntity
  8
0
  6
ACAD_ISO02W100
100
AcDbCircle
 10
1227.114958519087
 20
3738.976157584273
 30
0.0
 40
175.0
  0
LINE
  5
437
102
{ACAD_REACTORS
330
485
330
4AF
330
78C
102
}
330
1F
100
AcDbEntity
  8
0
  6
ACAD_ISO02W100
100
AcDbLine
 10
1227.114958519087
 20
3738.976157584273
 30
0.0
 11
1227.114958519087
 21
4138.976157584273
 31
0.0
  0
CIRCLE
  5
438
102
{ACAD_REACTORS
330
4AF
102
}
330
1F
100
AcDbEntity
  8
0
  6
ACAD_ISO02W100
100
AcDbCircle
 10
1227.114958519087
 20
4138.976157584273
 30
0.0
 40
50.0
  0
LINE
  5
439
102
{ACAD_REACTORS
330
4AF
330
78C
102
}
330
1F
100
AcDbEntity
  8
0
  6
ACAD_ISO02W100
100
AcDbLine
 10
1227.114958519087
 20
4138.976157584273
 30
0.0
 11
1227.114958519087
 21
5138.976157584274
 31
0.0
  0
CIRCLE
  5
43B
102
{ACAD_REACTORS
330
4AF
102
}
330
1F
100
AcDbEntity
  8
0
  6
ACAD_ISO02W100
100
AcDbCircle
 10
1227.114958519087
 20
5138.976157584274
 30
0.0
 40
50.0
  0
LINE
  5
43C
102
{ACAD_REACTORS
330
4AF
102
}
330
1F
100
AcDbEntity
  8
0
  6
ACAD_ISO02W100
100
AcDbLine
 10
1227.114958519087
 20
5138.976157584274
 30
0.0
 11
1227.114958519087
 21
5438.976157584273
 31
0.0
  0
LINE
  5
43D
102
{ACAD_REACTORS
330
7A6
102
}
330
1F
100
AcDbEntity
  8
0
  6
ACAD_ISO02W100
100
AcDbLine
 10
1227.114958519087
 20
5438.976157584273
 30
0.0
 11
927.1149585190869
 21
5438.976157584273
 31
0.0
  0
CIRCLE
  5
43E
102
{ACAD_REACTORS
330
485
102
}
330
1F
100
AcDbEntity
  8
0
  6
ACAD_ISO02W100
100
AcDbCircle
 10
927.1149585190869
 20
5438.976157584273
 30
0.0
 40
175.0
  0
LINE
  5
43F
102
{ACAD_REACTORS
330
4AF
330
7A6
330
7BE
102
}
330
1F
100
AcDbEntity
  8
0
  6
ACAD_ISO02W100
100
AcDbLine
 10
1227.114958519087
 20
5138.976157584274
 30
0.0
 11
2227.114958519087
 21
5138.976157584274
 31
0.0
  0
CIRCLE
  5
440
102
{ACAD_REACTORS
330
4AF
102
}
330
1F
100
AcDbEntity
  8
0
  6
ACAD_ISO02W100
100
AcDbCircle
 10
2227.114958519087
 20
5138.976157584274
 30
0.0
 40
50.0
  0
LINE
  5
441
102
{ACAD_REACTORS
330
4AF
330
7BE
330
7D6
102
}
330
1F
100
AcDbEntity
  8
0
  6
ACAD_ISO02W100
100
AcDbLine
 10
2227.114958519087
 20
5138.976157584274
 30
0.0
 11
3227.114958519087
 21
5138.976157584274
 31
0.0
  0
CIRCLE
  5
442
102
{ACAD_REACTORS
330
4AF
102
}
330
1F
100
AcDbEntity
  8
0
  6
ACAD_ISO02W100
100
AcDbCircle
 10
3227.114958519087
 20
5138.976157584274
 30
0.0
 40
50.0
  0
LINE
  5
443
102
{ACAD_REACTORS
330
4AF
330
7D6
330
7F0
102
}
330
1F
100
AcDbEntity
  8
0
  6
ACAD_ISO02W100
100
AcDbLine
 10
3227.114958519087
 20
5138.976157584274
 30
0.0
 11
3627.114958519087
 21
5138.976157584274
 31
0.0
  0
CIRCLE
  5
444
102
{ACAD_REACTORS
330
485
102
}
330
1F
100
AcDbEntity
  8
0
  6
ACAD_ISO02W100
100
AcDbCircle
 10
3627.114958519087
 20
5138.976157584274
 30
0.0
 40
175.0
  0
HATCH
  5
485
330
1F
100
AcDbEntity
  8
0
  6
ACAD_ISO02W100
100
AcDbHatch
 10
0.0
 20
0.0
 30
0.0
210
0.0
220
0.0
230
1.0
  2
SOLID,_O
 70
     1
 71
     1
 91
        4
 92
        7
 72
     1
 73
     1
 93
        4
 10
1227.114958519087
 20
3738.976157584273
 42
0.0
 10
1227.114958519087
 20
3913.976157584272
 42
0.4142135623730951
 10
1052.114958519087
 20
3738.976157584273
 42
0.4142135623730951
 10
1227.114958519087
 20
3563.976157584273
 42
0.0
 97
        3
330
437
330
436
330
41A
 92
        7
 72
     1
 73
     1
 93
        4
 10
1402.114958519087
 20
3738.976157584273
 42
0.4142135623730951
 10
1227.114958519087
 20
3913.976157584272
 42
0.0
 10
1227.114958519087
 20
3738.976157584273
 42
0.0
 10
1227.114958519087
 20
3563.976157584273
 42
0.4142135623730951
 97
        3
330
436
330
475
330
478
 92
        7
 72
     1
 73
     1
 93
        2
 10
752.1149585190869
 20
5438.976157584273
 42
1.0
 10
1102.114958519087
 20
5438.976157584273
 42
1.0
 97
        1
330
43E
 92
        7
 72
     1
 73
     1
 93
        2
 10
3802.114958519087
 20
5138.976157584274
 42
1.0
 10
3452.114958519087
 20
5138.976157584274
 42
1.0
 97
        1
330
444
 75
     1
 76
     1
 47
2.50087594090486
 98
        4
 10
1210.671047239564
 20
3682.585265479676
 10
1342.125536729029
 20
3682.585265479676
 10
895.9769142926671
 20
5506.202058937575
 10
3720.25712000989
 20
5084.142272650963
450
        1
451
        0
460
0.0
461
0.0
452
        0
462
0.0
453
        2
463
0.0
 63
     5
421
      255
463
1.0
 63
     2
421
 16776960
470
SPHERICAL
1001
GradientColor1ACI
1070
     5
1001
GradientColor2ACI
1070
     2
1001
ACAD
1010
0.0
1020
0.0
1030
0.0
  0
HATCH
  5
4AF
330
1F
100
AcDbEntity
  8
0
  6
ACAD_ISO02W100
 62
    40
420
 16308017
100
AcDbHatch
 10
0.0
 20
0.0
 30
0.0
210
0.0
220
0.0
230
1.0
  2
SOLID
 70
     1
 71
     1
 91
        9
 92
        7
 72
     1
 73
     1
 93
        3
 10
1277.114958519087
 20
5138.976157584274
 42
0.0
 10
1227.114958519087
 20
5138.976157584274
 42
0.0
 10
1227.114958519087
 20
5088.976157584273
 42
0.4142135623730951
 97
        3
330
43F
330
439
330
43B
 92
        7
 72
     1
 73
     1
 93
        3
 10
1227.114958519087
 20
5188.976157584273
 42
0.0
 10
1227.114958519087
 20
5138.976157584274
 42
0.0
 10
1277.114958519087
 20
5138.976157584274
 42
0.4142135623730951
 97
        3
330
43C
330
488
330
43B
 92
        7
 72
     1
 73
     1
 93
        4
 10
1227.114958519087
 20
5188.976157584273
 42
0.4142135623730951
 10
1177.114958519087
 20
5138.976157584274
 42
0.4142135623730951
 10
1227.114958519087
 20
5088.976157584273
 42
0.0
 10
1227.114958519087
 20
5138.976157584274
 42
0.0
 97
        3
330
43B
330
489
330
48C
 92
        7
 72
     1
 73
     1
 93
        3
 10
2277.114958519087
 20
5138.976157584274
 42
0.0
 10
2227.114958519087
 20
5138.976157584274
 42
0.0
 10
2177.114958519087
 20
5138.976157584274
 42
1.0
 97
        3
330
441
330
43F
330
440
 92
        7
 72
     1
 73
     1
 93
        3
 10
2177.114958519087
 20
5138.976157584274
 42
0.0
 10
2227.114958519087
 20
5138.976157584274
 42
0.0
 10
2277.114958519087
 20
5138.976157584274
 42
1.0
 97
        3
330
43F
330
441
330
440
 92
        7
 72
     1
 73
     1
 93
        3
 10
3177.114958519087
 20
5138.976157584274
 42
0.0
 10
3227.114958519087
 20
5138.976157584274
 42
0.0
 10
3277.114958519087
 20
5138.976157584274
 42
1.0
 97
        3
330
441
330
443
330
442
 92
        7
 72
     1
 73
     1
 93
        3
 10
3277.114958519087
 20
5138.976157584274
 42
0.0
 10
3227.114958519087
 20
5138.976157584274
 42
0.0
 10
3177.114958519087
 20
5138.976157584274
 42
1.0
 97
        3
330
49E
330
49D
330
442
 92
        7
 72
     1
 73
     1
 93
        4
 10
1277.114958519087
 20
4138.976157584273
 42
0.4142135623730951
 10
1227.114958519087
 20
4188.976157584273
 42
0.0
 10
1227.114958519087
 20
4138.976157584273
 42
0.0
 10
1227.114958519087
 20
4088.976157584273
 42
0.4142135623730951
 97
        3
330
438
330
439
330
437
 92
        7
 72
     1
 73
     1
 93
        4
 10
1227.114958519087
 20
4138.976157584273
 42
0.0
 10
1227.114958519087
 20
4188.976157584273
 42
0.4142135623730951
 10
1177.114958519087
 20
4138.976157584273
 42
0.4142135623730951
 10
1227.114958519087
 20
4088.976157584273
 42
0.0
 97
        3
330
4A6
330
438
330
4A7
 75
     1
 76
     1
 47
4.14605510843848
 98
        9
 10
1239.165828174649
 20
5128.046805290519
 10
1234.518202174455
 20
5163.661887684313
 10
1211.66795879422
 20
5150.88692268738
 10
2228.452476538165
 20
5107.055049791379
 10
2241.867771481949
 20
5155.328291444763
 10
3220.099078629369
 20
5146.796776236136
 10
3231.103894392669
 20
5109.79713324405
 10
1264.008463348233
 20
4117.274026364349
 10
1187.426619448466
 20
4138.425391771117
450
        0
451
        0
460
0.0
461
0.0
452
        0
462
0.0
453
        2
463
0.0
 63
     5
421
      255
463
1.0
 63
     2
421
 16776960
470
SPHERICAL
1001
GradientColor1ACI
1070
     5
1001
GradientColor2ACI
1070
     2
1001
ACAD
1010
0.0
1020
0.0
1030
0.0
  0
LINE
  5
4CE
330
1F
100
AcDbEntity
  8
0
  6
ACAD_ISO02W100
100
AcDbLine
 10
14227.11495851908
 20
234.7822118410113
 30
0.0
 11
14227.11495851908
 21
734.7822118410113
 31
0.0
  0
LINE
  5
4CF
330
1F
100
AcDbEntity
  8
0
  6
ACAD_ISO02W100
100
AcDbLine
 10
14227.11495851908
 20
734.7822118410113
 30
0.0
 11
13727.11495851908
 21
734.7822118410113
 31
0.0
  0
LINE
  5
4D1
102
{ACAD_REACTORS
330
686
102
}
330
1F
100
AcDbEntity
  8
0
100
AcDbLine
 10
6227.114958519088
 20
734.7822118410113
 30
0.0
 11
9227.114958519088
 21
734.7822118410113
 31
0.0
  0
LINE
  5
4D2
102
{ACAD_REACTORS
330
6C7
102
}
330
1F
100
AcDbEntity
  8
0
100
AcDbLine
 10
9227.114958519088
 20
734.7822118410113
 30
0.0
 11
10227.11495851909
 21
734.7822118410113
 31
0.0
  0
LINE
  5
4D3
102
{ACAD_REACTORS
330
6C7
102
}
330
1F
100
AcDbEntity
  8
0
100
AcDbLine
 10
10227.11495851909
 20
734.7822118410113
 30
0.0
 11
10227.11495851909
 21
834.7822118410112
 31
0.0
  0
LINE
  5
4D4
102
{ACAD_REACTORS
330
6C7
102
}
330
1F
100
AcDbEntity
  8
0
100
AcDbLine
 10
10227.11495851909
 20
834.7822118410112
 30
0.0
 11
10227.11495851909
 21
1034.782211841011
 31
0.0
  0
LINE
  5
4D5
102
{ACAD_REACTORS
330
6C7
102
}
330
1F
100
AcDbEntity
  8
0
100
AcDbLine
 10
10227.11495851909
 20
1034.782211841011
 30
0.0
 11
10227.11495851909
 21
1134.782211841011
 31
0.0
  0
LINE
  5
4D6
102
{ACAD_REACTORS
330
6C7
330
962
102
}
330
1F
100
AcDbEntity
  8
0
100
AcDbLine
 10
10227.11495851909
 20
1134.782211841011
 30
0.0
 11
10227.11495851909
 21
1334.782211841011
 31
0.0
  0
LINE
  5
4D7
102
{ACAD_REACTORS
330
6C7
102
}
330
1F
100
AcDbEntity
  8
0
100
AcDbLine
 10
10227.11495851909
 20
1334.782211841011
 30
0.0
 11
10227.11495851909
 21
1434.782211841011
 31
0.0
  0
LINE
  5
4D8
102
{ACAD_REACTORS
330
6C7
102
}
330
1F
100
AcDbEntity
  8
0
100
AcDbLine
 10
10227.11495851909
 20
1434.782211841011
 30
0.0
 11
10227.11495851909
 21
1634.782211841011
 31
0.0
  0
LINE
  5
4D9
102
{ACAD_REACTORS
330
6C7
102
}
330
1F
100
AcDbEntity
  8
0
100
AcDbLine
 10
10227.11495851909
 20
1634.782211841011
 30
0.0
 11
10227.11495851909
 21
1734.782211841011
 31
0.0
  0
LINE
  5
4DB
102
{ACAD_REACTORS
330
6C7
102
}
330
1F
100
AcDbEntity
  8
0
100
AcDbLine
 10
11727.11495851909
 20
1734.782211841011
 30
0.0
 11
11727.11495851909
 21
734.7822118410113
 31
0.0
  0
LINE
  5
4DC
102
{ACAD_REACTORS
330
6C7
102
}
330
1F
100
AcDbEntity
  8
0
100
AcDbLine
 10
11727.11495851909
 20
734.7822118410113
 30
0.0
 11
13727.11495851909
 21
734.7822118410113
 31
0.0
  0
LINE
  5
4DD
102
{ACAD_REACTORS
330
6C7
330
994
102
}
330
1F
100
AcDbEntity
  8
0
100
AcDbLine
 10
13727.11495851909
 20
734.7822118410113
 30
0.0
 11
13727.11495851909
 21
1734.782211841011
 31
0.0
  0
LINE
  5
4DE
102
{ACAD_REACTORS
330
6C7
102
}
330
1F
100
AcDbEntity
  8
0
100
AcDbLine
 10
13727.11495851909
 20
1734.782211841011
 30
0.0
 11
12727.11495851909
 21
1734.782211841011
 31
0.0
  0
LINE
  5
4DF
102
{ACAD_REACTORS
330
6C7
330
686
102
}
330
1F
100
AcDbEntity
  8
0
100
AcDbLine
 10
12727.11495851909
 20
1734.782211841011
 30
0.0
 11
12727.11495851909
 21
4634.782211841011
 31
0.0
  0
LINE
  5
4E0
102
{ACAD_REACTORS
330
6C7
102
}
330
1F
100
AcDbEntity
  8
0
100
AcDbLine
 10
12727.11495851909
 20
4634.782211841011
 30
0.0
 11
13727.11495851909
 21
4634.782211841011
 31
0.0
  0
LINE
  5
4E1
330
1F
100
AcDbEntity
  8
0
100
AcDbLine
 10
13727.11495851909
 20
4634.782211841011
 30
0.0
 11
13727.11495851909
 21
1734.782211841011
 31
0.0
  0
LINE
  5
4E2
102
{ACAD_REACTORS
330
6C7
330
686
102
}
330
1F
100
AcDbEntity
  8
0
100
AcDbLine
 10
12727.11495851909
 20
4634.782211841011
 30
0.0
 11
12727.11495851909
 21
5634.782211841011
 31
0.0
  0
LINE
  5
4E3
102
{ACAD_REACTORS
330
6C7
330
8B0
102
}
330
1F
100
AcDbEntity
  8
0
100
AcDbLine
 10
12727.11495851909
 20
5634.782211841011
 30
0.0
 11
13727.11495851909
 21
5634.782211841011
 31
0.0
  0
LINE
  5
4E4
102
{ACAD_REACTORS
330
6C7
330
8C8
102
}
330
1F
100
AcDbEntity
  8
0
100
AcDbLine
 10
13727.11495851909
 20
5634.782211841011
 30
0.0
 11
13727.11495851909
 21
4634.782211841011
 31
0.0
  0
LINE
  5
4E5
102
{ACAD_REACTORS
330
686
102
}
330
1F
100
AcDbEntity
  8
0
100
AcDbLine
 10
11727.11495851909
 20
1734.782211841011
 30
0.0
 11
11727.11495851909
 21
2704.782211841012
 31
0.0
  0
LINE
  5
4E7
102
{ACAD_REACTORS
330
686
102
}
330
1F
100
AcDbEntity
  8
0
100
AcDbLine
 10
11727.11495851909
 20
2704.782211841012
 30
0.0
 11
12727.11495851909
 21
2704.782211841012
 31
0.0
  0
LINE
  5
4E8
102
{ACAD_REACTORS
330
6C7
330
686
102
}
330
1F
100
AcDbEntity
  8
0
100
AcDbLine
 10
10227.11495851909
 20
1734.782211841011
 30
0.0
 11
9227.114958519088
 21
1734.782211841011
 31
0.0
  0
LINE
  5
4E9
102
{ACAD_REACTORS
330
686
102
}
330
1F
100
AcDbEntity
  8
0
100
AcDbLine
 10
10227.11495851909
 20
1734.782211841011
 30
0.0
 11
10227.11495851909
 21
2704.782211841012
 31
0.0
  0
LINE
  5
4EA
102
{ACAD_REACTORS
330
686
102
}
330
1F
100
AcDbEntity
  8
0
100
AcDbLine
 10
10227.11495851909
 20
2704.782211841012
 30
0.0
 11
6227.114958519089
 21
2704.782211841012
 31
0.0
  0
LINE
  5
4EB
102
{ACAD_REACTORS
330
686
102
}
330
1F
100
AcDbEntity
  8
0
100
AcDbLine
 10
6227.114958519089
 20
2704.782211841012
 30
0.0
 11
6227.114958519088
 21
734.7822118410113
 31
0.0
  0
LINE
  5
4EC
102
{ACAD_REACTORS
330
6C7
330
686
102
}
330
1F
100
AcDbEntity
  8
0
100
AcDbLine
 10
9227.114958519088
 20
1734.782211841011
 30
0.0
 11
9227.114958519088
 21
734.7822118410113
 31
0.0
  0
LINE
  5
4ED
102
{ACAD_REACTORS
330
686
102
}
330
1F
100
AcDbEntity
  8
0
  6
ACAD_ISO02W100
100
AcDbLine
 10
9227.114958519088
 20
1734.782211841011
 30
0.0
 11
6227.114958519089
 21
1734.782211841011
 31
0.0
  0
LINE
  5
4EF
102
{ACAD_REACTORS
330
6C7
330
948
102
}
330
1F
100
AcDbEntity
  8
0
100
AcDbLine
 10
10227.11495851909
 20
1634.782211841011
 30
0.0
 11
11727.11495851909
 21
1634.782211841011
 31
0.0
  0
LINE
  5
4F0
102
{ACAD_REACTORS
330
6C7
102
}
330
1F
100
AcDbEntity
  8
0
100
AcDbLine
 10
10227.11495851909
 20
1434.782211841011
 30
0.0
 11
11727.11495851909
 21
1434.782211841011
 31
0.0
  0
LINE
  5
4F1
102
{ACAD_REACTORS
330
6C7
102
}
330
1F
100
AcDbEntity
  8
0
100
AcDbLine
 10
10227.11495851909
 20
1334.782211841011
 30
0.0
 11
11727.11495851909
 21
1334.782211841011
 31
0.0
  0
LINE
  5
4F2
102
{ACAD_REACTORS
330
6C7
330
97C
102
}
330
1F
100
AcDbEntity
  8
0
100
AcDbLine
 10
10227.11495851909
 20
1134.782211841011
 30
0.0
 11
11727.11495851909
 21
1134.782211841011
 31
0.0
  0
LINE
  5
4F3
102
{ACAD_REACTORS
330
6C7
102
}
330
1F
100
AcDbEntity
  8
0
100
AcDbLine
 10
10227.11495851909
 20
834.7822118410112
 30
0.0
 11
11727.11495851909
 21
834.7822118410112
 31
0.0
  0
LINE
  5
4F4
102
{ACAD_REACTORS
330
6C7
330
97C
102
}
330
1F
100
AcDbEntity
  8
0
100
AcDbLine
 10
10227.11495851909
 20
1034.782211841011
 30
0.0
 11
11727.11495851909
 21
1034.782211841011
 31
0.0
  0
LINE
  5
4F5
102
{ACAD_REACTORS
330
6C7
330
686
102
}
330
1F
100
AcDbEntity
  8
0
100
AcDbLine
 10
11727.11495851909
 20
1734.782211841011
 30
0.0
 11
12727.11495851909
 21
1734.782211841011
 31
0.0
  0
LINE
  5
4F6
102
{ACAD_REACTORS
330
686
102
}
330
1F
100
AcDbEntity
  8
0
100
AcDbLine
 10
12727.11495851909
 20
5634.782211841011
 30
0.0
 11
11757.11495851909
 21
5634.782211841011
 31
0.0
  0
LINE
  5
4F7
102
{ACAD_REACTORS
330
686
102
}
330
1F
100
AcDbEntity
  8
0
100
AcDbLine
 10
11757.11495851909
 20
5634.782211841011
 30
0.0
 11
11757.11495851909
 21
4634.782211841011
 31
0.0
  0
LINE
  5
4F8
102
{ACAD_REACTORS
330
686
330
898
102
}
330
1F
100
AcDbEntity
  8
0
100
AcDbLine
 10
11757.11495851909
 20
4634.782211841011
 30
0.0
 11
12727.11495851909
 21
4634.782211841011
 31
0.0
  0
LINE
  5
4FD
330
1F
100
AcDbEntity
  8
0
100
AcDbLine
 10
13727.11495851909
 20
1734.782211841011
 30
0.0
 11
13727.11495851909
 21
1884.782211841011
 31
0.0
  0
LINE
  5
4FE
102
{ACAD_REACTORS
330
6C7
102
}
330
1F
100
AcDbEntity
  8
0
100
AcDbLine
 10
13727.11495851909
 20
1884.782211841011
 30
0.0
 11
13727.11495851909
 21
2284.782211841012
 31
0.0
  0
LINE
  5
4FF
330
1F
100
AcDbEntity
  8
0
100
AcDbLine
 10
13727.11495851909
 20
2284.782211841012
 30
0.0
 11
13727.11495851909
 21
2434.782211841012
 31
0.0
  0
LINE
  5
500
102
{ACAD_REACTORS
330
6C7
102
}
330
1F
100
AcDbEntity
  8
0
100
AcDbLine
 10
13727.11495851909
 20
2434.782211841012
 30
0.0
 11
13727.11495851909
 21
2834.782211841011
 31
0.0
  0
LINE
  5
501
330
1F
100
AcDbEntity
  8
0
100
AcDbLine
 10
13727.11495851909
 20
2834.782211841011
 30
0.0
 11
13727.11495851909
 21
2984.782211841011
 31
0.0
  0
LINE
  5
502
102
{ACAD_REACTORS
330
6C7
102
}
330
1F
100
AcDbEntity
  8
0
100
AcDbLine
 10
13727.11495851909
 20
2984.782211841011
 30
0.0
 11
13727.11495851909
 21
3384.782211841012
 31
0.0
  0
LINE
  5
503
330
1F
100
AcDbEntity
  8
0
100
AcDbLine
 10
13727.11495851909
 20
3384.782211841012
 30
0.0
 11
13727.11495851909
 21
3534.782211841012
 31
0.0
  0
LINE
  5
504
102
{ACAD_REACTORS
330
6C7
330
916
102
}
330
1F
100
AcDbEntity
  8
0
100
AcDbLine
 10
13727.11495851909
 20
3534.782211841012
 30
0.0
 11
13727.11495851909
 21
3934.782211841012
 31
0.0
  0
LINE
  5
505
330
1F
100
AcDbEntity
  8
0
100
AcDbLine
 10
13727.11495851909
 20
3934.782211841012
 30
0.0
 11
13727.11495851909
 21
4084.782211841011
 31
0.0
  0
LINE
  5
506
102
{ACAD_REACTORS
330
6C7
330
8FC
102
}
330
1F
100
AcDbEntity
  8
0
100
AcDbLine
 10
13727.11495851909
 20
4084.782211841011
 30
0.0
 11
13727.11495851909
 21
4484.782211841011
 31
0.0
  0
LINE
  5
507
102
{ACAD_REACTORS
330
6C7
102
}
330
1F
100
AcDbEntity
  8
0
100
AcDbLine
 10
13727.11495851909
 20
4484.782211841011
 30
0.0
 11
12727.11495851909
 21
4484.782211841011
 31
0.0
  0
LINE
  5
508
102
{ACAD_REACTORS
330
6C7
102
}
330
1F
100
AcDbEntity
  8
0
100
AcDbLine
 10
13727.11495851909
 20
4084.782211841011
 30
0.0
 11
12727.11495851909
 21
4084.782211841011
 31
0.0
  0
LINE
  5
509
102
{ACAD_REACTORS
330
6C7
102
}
330
1F
100
AcDbEntity
  8
0
100
AcDbLine
 10
13727.11495851909
 20
3934.782211841012
 30
0.0
 11
12727.11495851909
 21
3934.782211841012
 31
0.0
  0
LINE
  5
50A
102
{ACAD_REACTORS
330
6C7
102
}
330
1F
100
AcDbEntity
  8
0
100
AcDbLine
 10
13727.11495851909
 20
3534.782211841012
 30
0.0
 11
12727.11495851909
 21
3534.782211841012
 31
0.0
  0
LINE
  5
50B
102
{ACAD_REACTORS
330
6C7
102
}
330
1F
100
AcDbEntity
  8
0
100
AcDbLine
 10
13727.11495851909
 20
3384.782211841012
 30
0.0
 11
12727.11495851909
 21
3384.782211841012
 31
0.0
  0
LINE
  5
50C
102
{ACAD_REACTORS
330
6C7
102
}
330
1F
100
AcDbEntity
  8
0
100
AcDbLine
 10
13727.11495851909
 20
2984.782211841011
 30
0.0
 11
12727.11495851909
 21
2984.782211841011
 31
0.0
  0
LINE
  5
50D
102
{ACAD_REACTORS
330
6C7
102
}
330
1F
100
AcDbEntity
  8
0
100
AcDbLine
 10
13727.11495851909
 20
2834.782211841011
 30
0.0
 11
12727.11495851909
 21
2834.782211841011
 31
0.0
  0
LINE
  5
50E
102
{ACAD_REACTORS
330
6C7
330
930
102
}
330
1F
100
AcDbEntity
  8
0
100
AcDbLine
 10
13727.11495851909
 20
2434.782211841012
 30
0.0
 11
12727.11495851909
 21
2434.782211841012
 31
0.0
  0
LINE
  5
50F
102
{ACAD_REACTORS
330
6C7
330
930
102
}
330
1F
100
AcDbEntity
  8
0
100
AcDbLine
 10
13727.11495851909
 20
2284.782211841012
 30
0.0
 11
12727.11495851909
 21
2284.782211841012
 31
0.0
  0
LINE
  5
510
102
{ACAD_REACTORS
330
6C7
102
}
330
1F
100
AcDbEntity
  8
0
100
AcDbLine
 10
13727.11495851909
 20
1884.782211841011
 30
0.0
 11
12727.11495851909
 21
1884.782211841011
 31
0.0
  0
LINE
  5
52F
102
{ACAD_REACTORS
330
66C
102
}
330
1F
100
AcDbEntity
  8
0
100
AcDbLine
 10
10227.11495851909
 20
3764.782211841011
 30
0.0
 11
10227.11495851909
 21
4664.782211841011
 31
0.0
  0
LINE
  5
530
102
{ACAD_REACTORS
330
66C
330
850
102
}
330
1F
100
AcDbEntity
  8
0
100
AcDbLine
 10
10227.11495851909
 20
4664.782211841011
 30
0.0
 11
11127.11495851909
 21
4664.782211841011
 31
0.0
  0
LINE
  5
531
102
{ACAD_REACTORS
330
66C
102
}
330
1F
100
AcDbEntity
  8
0
100
AcDbLine
 10
11127.11495851909
 20
4664.782211841011
 30
0.0
 11
11127.11495851909
 21
5664.782211841011
 31
0.0
  0
LINE
  5
532
102
{ACAD_REACTORS
330
66C
102
}
330
1F
100
AcDbEntity
  8
0
100
AcDbLine
 10
11127.11495851909
 20
5664.782211841011
 30
0.0
 11
8327.114958519088
 21
5664.782211841011
 31
0.0
  0
LINE
  5
533
102
{ACAD_REACTORS
330
66C
102
}
330
1F
100
AcDbEntity
  8
0
100
AcDbLine
 10
8327.114958519088
 20
5664.782211841011
 30
0.0
 11
8327.114958519088
 21
4664.782211841011
 31
0.0
  0
LINE
  5
534
102
{ACAD_REACTORS
330
66C
330
838
102
}
330
1F
100
AcDbEntity
  8
0
100
AcDbLine
 10
8327.114958519088
 20
4664.782211841011
 30
0.0
 11
9227.114958519088
 21
4664.782211841011
 31
0.0
  0
LINE
  5
535
102
{ACAD_REACTORS
330
66C
330
880
102
}
330
1F
100
AcDbEntity
  8
0
100
AcDbLine
 10
9227.114958519088
 20
4664.782211841011
 30
0.0
 11
9227.114958519088
 21
3764.782211841011
 31
0.0
  0
LINE
  5
536
102
{ACAD_REACTORS
330
653
330
66C
102
}
330
1F
100
AcDbEntity
  8
0
100
AcDbLine
 10
9227.114958519088
 20
4664.782211841011
 30
0.0
 11
10227.11495851909
 21
4664.782211841011
 31
0.0
  0
LINE
  5
537
102
{ACAD_REACTORS
330
653
330
66C
102
}
330
1F
100
AcDbEntity
  8
0
100
AcDbLine
 10
10227.11495851909
 20
4664.782211841011
 30
0.0
 11
10227.11495851909
 21
5664.782211841011
 31
0.0
  0
LINE
  5
538
102
{ACAD_REACTORS
330
653
330
808
102
}
330
1F
100
AcDbEntity
  8
0
100
AcDbLine
 10
10227.11495851909
 20
5664.782211841011
 30
0.0
 11
9227.114958519088
 21
5664.782211841011
 31
0.0
  0
LINE
  5
539
102
{ACAD_REACTORS
330
653
330
66C
330
880
102
}
330
1F
100
AcDbEntity
  8
0
100
AcDbLine
 10
9227.114958519088
 20
5664.782211841011
 30
0.0
 11
9227.114958519088
 21
4664.782211841011
 31
0.0
  0
LINE
  5
53B
102
{ACAD_REACTORS
330
66C
102
}
330
1F
100
AcDbEntity
  8
0
100
AcDbLine
 10
6227.114958519089
 20
4664.782211841011
 30
0.0
 11
6252.114958519089
 21
4664.782211841011
 31
0.0
  0
LINE
  5
53C
102
{ACAD_REACTORS
330
66C
102
}
330
1F
100
AcDbEntity
  8
0
100
AcDbLine
 10
6252.114958519089
 20
4664.782211841011
 30
0.0
 11
6252.114958519089
 21
5664.782211841011
 31
0.0
  0
LINE
  5
53D
102
{ACAD_REACTORS
330
66C
102
}
330
1F
100
AcDbEntity
  8
0
100
AcDbLine
 10
6252.114958519089
 20
5664.782211841011
 30
0.0
 11
6227.114958519089
 21
5664.782211841011
 31
0.0
  0
LINE
  5
53E
102
{ACAD_REACTORS
330
66C
102
}
330
1F
100
AcDbEntity
  8
0
100
AcDbLine
 10
6227.114958519089
 20
5664.782211841011
 30
0.0
 11
6202.114958519089
 21
5664.782211841011
 31
0.0
  0
LINE
  5
53F
102
{ACAD_REACTORS
330
66C
102
}
330
1F
100
AcDbEntity
  8
0
100
AcDbLine
 10
6202.114958519089
 20
5664.782211841011
 30
0.0
 11
6202.114958519089
 21
4664.782211841011
 31
0.0
  0
LINE
  5
540
102
{ACAD_REACTORS
330
66C
102
}
330
1F
100
AcDbEntity
  8
0
100
AcDbLine
 10
6202.114958519089
 20
4664.782211841011
 30
0.0
 11
6227.114958519089
 21
4664.782211841011
 31
0.0
  0
LINE
  5
541
102
{ACAD_REACTORS
330
66C
330
868
102
}
330
1F
100
AcDbEntity
  8
0
100
AcDbLine
 10
9227.114958519088
 20
3764.782211841011
 30
0.0
 11
10227.11495851909
 21
3764.782211841011
 31
0.0
  0
CIRCLE
  5
618
102
{ACAD_REACTORS
330
645
102
}
330
1F
100
AcDbEntity
  8
0
100
AcDbCircle
 10
3727.114958519087
 20
734.7822118410113
 30
0.0
 40
25.0
  0
CIRCLE
  5
619
102
{ACAD_REACTORS
330
645
102
}
330
1F
100
AcDbEntity
  8
0
100
AcDbCircle
 10
3727.114958519087
 20
1734.782211841011
 30
0.0
 40
25.0
  0
LINE
  5
61A
102
{ACAD_REACTORS
330
772
102
}
330
1F
100
AcDbEntity
  8
0
100
AcDbLine
 10
3727.114958519087
 20
1734.782211841011
 30
0.0
 11
3727.114958519087
 21
734.7822118410113
 31
0.0
  0
HATCH
  5
634
330
1F
100
AcDbEntity
  8
0
 62
     0
100
AcDbHatch
 10
0.0
 20
0.0
 30
0.0
210
0.0
220
0.0
230
1.0
  2
AR-B816C
 70
     0
 71
     1
 91
        1
 92
        7
 72
     0
 73
     1
 93
        4
 10
1727.114958519087
 20
2734.782211841011
 10
727.1149585190868
 20
2734.782211841011
 10
727.1149585190868
 20
734.7822118410111
 10
1727.114958519087
 20
1734.782211841011
 97
        4
330
416
330
417
330
418
330
415
 75
     1
 76
     1
 52
0.0
 41
1.0
 77
     0
 78
     4
 53
0.0
 43
0.0
 44
0.0
 45
203.2
 46
203.2
 79
     2
 49
396.875
 49
-9.525
 53
0.0
 43
-203.2
 44
9.525
 45
203.2
 46
203.2
 79
     2
 49
396.875
 49
-9.525
 53
90.0
 43
0.0
 44
0.0
 45
-203.2
 46
203.2
 79
     2
 49
-212.725
 49
193.675
 53
90.0
 43
-9.525
 44
0.0
 45
-203.2
 46
203.2
 79
     2
 49
-212.725
 49
193.675
 47
4.577105847494838
 98
        1
 10
1320.763718798436
 20
1754.828676510995
1001
GradientColor1ACI
1070
     5
1001
GradientColor2ACI
1070
     2
1001
ACAD
1010
0.0
1020
0.0
1030
0.0
  0
HATCH
  5
63C
330
1F
100
AcDbEntity
  8
0
 62
     0
100
AcDbHatch
 10
0.0
 20
0.0
 30
0.0
210
0.0
220
0.0
230
1.0
  2
GOST_WOOD
 70
     0
 71
     1
 91
        1
 92
        7
 72
     0
 73
     1
 93
        4
 10
2727.114958519087
 20
1734.782211841011
 10
1727.114958519087
 20
1734.782211841011
 10
727.1149585190869
 20
734.7822118410113
 10
2727.114958519087
 20
734.7822118410113
 97
        4
330
414
330
418
330
412
330
413
 75
     1
 76
     1
 52
0.0
 41
1.0
 77
     0
 78
     3
 53
90.0
 43
0.0
 44
0.0
 45
6.0
 46
-0.0000000000000004
 79
     2
 49
10.0
 49
-2.0
 53
90.0
 43
2.0
 44
-2.0
 45
6.0
 46
-0.0000000000000004
 79
     4
 49
6.0
 49
-1.5
 49
3.0
 49
-1.5
 53
90.0
 43
4.0
 44
-5.0
 45
6.0
 46
-0.0000000000000004
 79
     2
 49
10.0
 49
-2.0
 47
4.577105847494838
 98
        1
 10
2158.747246957413
 20
1013.337536527688
1001
GradientColor1ACI
1070
     5
1001
GradientColor2ACI
1070
     2
1001
ACAD
1010
0.0
1020
0.0
1030
0.0
  0
HATCH
  5
645
330
1F
100
AcDbEntity
  8
0
 62
     2
420
 15854367
100
AcDbHatch
 10
0.0
 20
0.0
 30
0.0
210
0.0
220
0.0
230
1.0
  2
GOST_WOOD
 70
     0
 71
     1
 91
        2
 92
        7
 72
     1
 73
     1
 93
        2
 10
3752.114958519087
 20
1734.782211841011
 42
1.0
 10
3702.114958519087
 20
1734.782211841011
 42
1.0
 97
        1
330
619
 92
        7
 72
     1
 73
     1
 93
        2
 10
3752.114958519087
 20
734.7822118410113
 42
1.0
 10
3702.114958519087
 20
734.7822118410113
 42
1.0
 97
        1
330
618
 75
     1
 76
     1
 52
0.0
 41
1.0
 77
     0
 78
     3
 53
90.0
 43
0.0
 44
0.0
 45
6.0
 46
-0.0000000000000004
 79
     2
 49
10.0
 49
-2.0
 53
90.0
 43
2.0
 44
-2.0
 45
6.0
 46
-0.0000000000000004
 79
     4
 49
6.0
 49
-1.5
 49
3.0
 49
-1.5
 53
90.0
 43
4.0
 44
-5.0
 45
6.0
 46
-0.0000000000000004
 79
     2
 49
10.0
 49
-2.0
 47
4.702213175890863
 98
        2
 10
3733.168878004741
 20
1729.816079745375
 10
3742.421190526802
 20
731.9107174566161
1001
GradientColor1ACI
1070
     5
1001
GradientColor2ACI
1070
     2
1001
ACAD
1010
0.0
1020
0.0
1030
0.0
  0
HATCH
  5
653
330
1F
100
AcDbEntity
  8
0
 62
   240
420
 15540004
100
AcDbHatch
 10
0.0
 20
0.0
 30
0.0
210
0.0
220
0.0
230
1.0
  2
SOLID
 70
     1
 71
     1
 91
        2
 92
        7
 72
     0
 73
     1
 93
        5
 10
4727.114469929534
 20
3735.481203481261
 10
4227.114958519101
 20
3734.782211841011
 10
3727.114469929535
 20
3735.481203481261
 10
3727.114469929535
 20
2735.481203481261
 10
4727.114469929534
 20
2735.481203481261
 97
        5
330
3F4
330
3F8
330
3F7
330
3F6
330
3F5
 92
        7
 72
     0
 73
     1
 93
        4
 10
10227.11495851909
 20
5664.782211841011
 10
9227.114958519086
 20
5664.782211841011
 10
9227.114958519086
 20
4664.782211841011
 10
10227.11495851909
 20
4664.782211841011
 97
        4
330
538
330
539
330
536
330
537
 75
     1
 76
     1
 47
7.547300760602677
 98
        2
 10
4339.400598906359
 20
3028.348615115014
 10
9954.808297930751
 20
5040.070817165601
450
        0
451
        0
460
0.0
461
0.0
452
        0
462
0.0
453
        2
463
0.0
 63
     5
421
      255
463
1.0
 63
     2
421
 16776960
470
SPHERICAL
1001
GradientColor1ACI
1070
     5
1001
GradientColor2ACI
1070
     2
1001
ACAD
1010
0.0
1020
0.0
1030
0.0
  0
HATCH
  5
66C
330
1F
100
AcDbEntity
  8
0
 62
    51
420
 16316080
100
AcDbHatch
 10
0.0
 20
0.0
 30
0.0
210
0.0
220
0.0
230
1.0
  2
ANGLE
 70
     0
 71
     1
 91
        4
 92
        7
 72
     0
 73
     1
 93
        6
 10
6252.114958519089
 20
5664.782211841011
 10
6227.114958519089
 20
5664.782211841011
 10
6202.114958519089
 20
5664.782211841011
 10
6202.114958519089
 20
4664.782211841011
 10
6227.114958519089
 20
4664.782211841011
 10
6252.114958519089
 20
4664.782211841011
 97
        6
330
53D
330
53E
330
53F
330
540
330
53B
330
53C
 92
        7
 72
     0
 73
     1
 93
        4
 10
9227.114958519088
 20
5664.782211841011
 10
8327.114958519088
 20
5664.782211841011
 10
8327.114958519088
 20
4664.782211841011
 10
9227.114958519088
 20
4664.782211841011
 97
        4
330
532
330
533
330
534
330
539
 92
        7
 72
     0
 73
     1
 93
        4
 10
10227.11495851909
 20
4664.782211841011
 10
9227.114958519088
 20
4664.782211841011
 10
9227.114958519088
 20
3764.782211841011
 10
10227.11495851909
 20
3764.782211841011
 97
        4
330
536
330
535
330
541
330
52F
 92
        7
 72
     0
 73
     1
 93
        4
 10
11127.11495851908
 20
5664.782211841011
 10
10227.11495851909
 20
5664.782211841011
 10
10227.11495851909
 20
4664.782211841011
 10
11127.11495851909
 20
4664.782211841011
 97
        4
330
532
330
537
330
530
330
531
 75
     1
 76
     1
 52
0.0
 41
1.0
 77
     0
 78
     2
 53
0.0
 43
0.0
 44
0.0
 45
0.0
 46
6.985
 79
     2
 49
5.08
 49
-1.905
 53
90.0
 43
0.0
 44
0.0
 45
-6.985
 46
0.0000000000000004
 79
     2
 49
5.08
 49
-1.905
 47
4.774619513890957
 98
        4
 10
6211.824642630498
 20
5011.586453317562
 10
8809.503917776309
 20
4999.730167793052
 10
9619.054497848964
 20
4264.641605822806
 10
10479.01688424174
 20
5070.867746757809
1001
GradientColor1ACI
1070
     5
1001
GradientColor2ACI
1070
     2
1001
ACAD
1010
0.0
1020
0.0
1030
0.0
  0
HATCH
  5
686
330
1F
100
AcDbEntity
  8
0
 62
    40
420
 16308017
100
AcDbHatch
 10
0.0
 20
0.0
 30
0.0
210
0.0
220
0.0
230
1.0
  2
ACAD_ISO14W100
 70
     0
 71
     1
 91
        4
 92
        7
 72
     0
 73
     1
 93
        4
 10
12727.11495851909
 20
5634.782211841011
 10
11757.11495851909
 20
5634.782211841011
 10
11757.11495851909
 20
4634.782211841011
 10
12727.11495851909
 20
4634.782211841011
 97
        4
330
4F6
330
4F7
330
4F8
330
4E2
 92
        7
 72
     0
 73
     1
 93
        4
 10
12727.11495851909
 20
2704.782211841012
 10
11727.11495851909
 20
2704.782211841012
 10
11727.11495851909
 20
1734.782211841011
 10
12727.11495851909
 20
1734.782211841012
 97
        4
330
4E7
330
4E5
330
4F5
330
4DF
 92
        7
 72
     0
 73
     1
 93
        5
 10
10227.11495851909
 20
2704.782211841012
 10
6227.114958519089
 20
2704.782211841012
 10
6227.114958519088
 20
1734.782211841011
 10
9227.114958519088
 20
1734.782211841011
 10
10227.11495851909
 20
1734.782211841012
 97
        5
330
4EA
330
4EB
330
4ED
330
4E8
330
4E9
 92
        7
 72
     0
 73
     1
 93
        4
 10
9227.114958519088
 20
1734.782211841012
 10
6227.114958519089
 20
1734.782211841011
 10
6227.114958519088
 20
734.7822118410113
 10
9227.114958519088
 20
734.7822118410113
 97
        4
330
4ED
330
4EB
330
4D1
330
4EC
 75
     1
 76
     1
 52
0.0
 41
1.0
 77
     0
 78
     2
 53
0.0
 43
0.0
 44
0.0
 45
0.0
 46
5.0
 79
     6
 49
12.0
 49
-3.0
 49
0.5
 49
-3.0
 49
0.5
 49
-6.5
 53
0.0
 43
0.0
 44
0.0
 45
0.0
 46
5.0
 79
     3
 49
-22.0
 49
0.5
 49
-3.0
 47
4.896312109508861
 98
        4
 10
12218.63498996256
 20
5219.949505762037
 10
12279.07316446703
 20
2070.242476408821
 10
9449.943087806779
 20
2091.596390075807
 10
8943.324229388819
 20
1399.118977054968
1001
HATCHBACKGROUNDCOLOR
1071
-1023410177
1000

1000

1001
GradientColor1ACI
1070
     5
1001
GradientColor2ACI
1070
     2
1001
ACAD
1010
0.0
1020
0.0
1030
0.0
  0
HATCH
  5
6C7
330
1F
100
AcDbEntity
  8
0
 62
    30
420
 15886114
100
AcDbHatch
 10
0.0
 20
0.0
 30
0.0
210
0.0
220
0.0
230
1.0
  2
ACAD_ISO14W100
 70
     0
 71
     1
 91
       11
 92
        7
 72
     0
 73
     1
 93
       10
 10
10227.11495851909
 20
1034.782211841011
 10
10227.11495851909
 20
1134.782211841011
 10
10227.11495851909
 20
1334.782211841011
 10
10227.11495851909
 20
1434.782211841011
 10
10227.11495851909
 20
1634.782211841011
 10
10227.11495851909
 20
1734.782211841011
 10
9227.114958519088
 20
1734.782211841011
 10
9227.114958519088
 20
734.7822118410113
 10
10227.11495851909
 20
734.7822118410113
 10
10227.11495851909
 20
834.7822118410112
 97
       10
330
4D5
330
4D6
330
4D7
330
4D8
330
4D9
330
4E8
330
4EC
330
4D2
330
4D3
330
4D4
 92
        7
 72
     0
 73
     1
 93
        4
 10
11727.11495851909
 20
1634.782211841011
 10
10227.11495851909
 20
1634.782211841011
 10
10227.11495851909
 20
1434.782211841011
 10
11727.11495851909
 20
1434.782211841011
 97
        4
330
4EF
330
68C
330
4F0
330
4DB
 92
        7
 72
     0
 73
     1
 93
        4
 10
11727.11495851909
 20
1334.782211841011
 10
10227.11495851909
 20
1334.782211841011
 10
10227.11495851909
 20
1134.782211841011
 10
11727.11495851909
 20
1134.782211841011
 97
        4
330
4F1
330
68A
330
4F2
330
4DB
 92
        7
 72
     0
 73
     1
 93
        4
 10
11727.11495851909
 20
1034.782211841011
 10
10227.11495851909
 20
1034.782211841011
 10
10227.11495851909
 20
834.7822118410112
 10
11727.11495851909
 20
834.7822118410112
 97
        4
330
4F4
330
692
330
4F3
330
4DB
 92
        7
 72
     0
 73
     1
 93
        5
 10
13727.11495851909
 20
1734.782211841011
 10
12727.11495851909
 20
1734.782211841011
 10
11727.11495851909
 20
1734.782211841011
 10
11727.11495851909
 20
734.7822118410113
 10
13727.11495851909
 20
734.7822118410113
 97
        5
330
4DE
330
4F5
330
4DB
330
4DC
330
4DD
 92
        7
 72
     0
 73
     1
 93
        4
 10
13727.11495851908
 20
2284.782211841012
 10
12727.11495851909
 20
2284.782211841012
 10
12727.11495851909
 20
1884.782211841011
 10
13727.11495851909
 20
1884.782211841011
 97
        4
330
50F
330
4DF
330
510
330
4FE
 92
        7
 72
     0
 73
     1
 93
        4
 10
13727.11495851909
 20
2834.782211841011
 10
12727.11495851909
 20
2834.782211841011
 10
12727.11495851909
 20
2434.782211841012
 10
13727.11495851909
 20
2434.782211841012
 97
        4
330
50D
330
4DF
330
50E
330
500
 92
        7
 72
     0
 73
     1
 93
        4
 10
13727.11495851909
 20
3384.782211841012
 10
12727.11495851909
 20
3384.782211841012
 10
12727.11495851909
 20
2984.782211841011
 10
13727.11495851909
 20
2984.782211841011
 97
        4
330
50B
330
4DF
330
50C
330
502
 92
        7
 72
     0
 73
     1
 93
        4
 10
13727.11495851909
 20
3934.782211841012
 10
12727.11495851909
 20
3934.782211841012
 10
12727.11495851909
 20
3534.782211841012
 10
13727.11495851909
 20
3534.782211841012
 97
        4
330
509
330
4DF
330
50A
330
504
 92
        7
 72
     0
 73
     1
 93
        4
 10
13727.11495851909
 20
4484.782211841011
 10
12727.11495851909
 20
4484.782211841011
 10
12727.11495851909
 20
4084.782211841011
 10
13727.11495851909
 20
4084.782211841011
 97
        4
330
507
330
4DF
330
508
330
506
 92
        7
 72
     0
 73
     1
 93
        4
 10
13727.11495851909
 20
5634.782211841012
 10
12727.11495851909
 20
5634.78221184101
 10
12727.11495851909
 20
4634.782211841011
 10
13727.11495851909
 20
4634.782211841011
 97
        4
330
4E3
330
4E2
330
4E0
330
4E4
 75
     1
 76
     1
 52
0.0
 41
1.0
 77
     0
 78
     2
 53
0.0
 43
0.0
 44
0.0
 45
0.0
 46
5.0
 79
     6
 49
12.0
 49
-3.0
 49
0.5
 49
-3.0
 49
0.5
 49
-6.5
 53
0.0
 43
0.0
 44
0.0
 45
0.0
 46
5.0
 79
     3
 49
-22.0
 49
0.5
 49
-3.0
 47
7.872980899316623
 98
       11
 10
9547.349433631927
 20
987.5432604709494
 10
10867.03604479055
 20
1490.057107689703
 10
10984.86512215572
 20
1168.134188991389
 10
10984.86512215572
 20
901.1737034632242
 10
12885.84220137383
 20
995.3950078847556
 10
13514.26432900576
 20
2133.902945086346
 10
13584.96174679854
 20
2644.268539718905
 10
13514.26432900576
 20
3374.484001214456
 10
13522.11953403536
 20
3853.442472009454
 10
13506.40898084454
 20
4355.956319228208
 10
13420.00100986098
 20
5345.280451746933
1001
HATCHBACKGROUNDCOLOR
1071
-1023410177
1000

1000

1001
GradientColor1ACI
1070
     5
1001
GradientColor2ACI
1070
     2
1001
ACAD
1010
0.0
1020
0.0
1030
0.0
  0
DIMENSION
  5
6CA
102
{ACAD_XDICTIONARY
360
6D8
102
}
102
{ACAD_REACTORS
330
6E2
102
}
330
1F
100
AcDbEntity
  8
0
100
AcDbDimension
280
     0
  2
*D4
 10
-481.1599993383283
 20
234.7822118410112
 30
0.0
 11
-583.8995968826664
 21
484.7822118410114
 31
0.0
 70
    32
 71
     5
 42
500.0
 73
     0
 74
     0
 75
     0
  3
ISO-25
100
AcDbAlignedDimension
 13
727.1149585190869
 23
734.7822118410113
 33
0.0
 14
727.1149585190869
 24
234.7822118410113
 34
0.0
 50
90.0
100
AcDbRotatedDimension
  0
DIMENSION
  5
6E3
102
{ACAD_XDICTIONARY
360
6F0
102
}
102
{ACAD_REACTORS
330
6FA
102
}
330
1F
100
AcDbEntity
  8
0
100
AcDbDimension
280
     0
  2
*D5
 10
-421.0961139530704
 20
734.7822118410114
 30
0.0
 11
-523.8357114974084
 21
1734.782211841011
 31
0.0
 70
    32
 71
     5
 42
2000.0
 73
     0
 74
     0
 75
     0
  3
ISO-25
100
AcDbAlignedDimension
 13
727.1149585190868
 23
2734.782211841011
 33
0.0
 14
727.1149585190869
 24
734.7822118410113
 34
0.0
 50
90.0
100
AcDbRotatedDimension
  0
DIMENSION
  5
6FB
102
{ACAD_XDICTIONARY
360
708
102
}
102
{ACAD_REACTORS
330
712
102
}
330
1F
100
AcDbEntity
  8
0
100
AcDbDimension
280
     0
  2
*D6
 10
727.1149585190869
 20
-158.3339044069434
 30
0.0
 11
1727.114958519087
 21
-55.59430686260514
 31
0.0
 70
    32
 71
     5
 42
2000.0
 73
     0
 74
     0
 75
     0
  3
ISO-25
100
AcDbAlignedDimension
 13
2727.114958519087
 23
734.7822118410113
 33
0.0
 14
727.1149585190869
 24
734.7822118410113
 34
0.0
100
AcDbRotatedDimension
  0
DIMENSION
  5
713
102
{ACAD_XDICTIONARY
360
720
102
}
102
{ACAD_REACTORS
330
72A
102
}
330
1F
100
AcDbEntity
  8
0
100
AcDbDimension
280
     0
  2
*D7
 10
1727.114958519087
 20
2013.007396744186
 30
0.0
 11
2227.114958519087
 21
2115.746994288524
 31
0.0
 70
    32
 71
     5
 42
1000.0
 73
     0
 74
     0
 75
     0
  3
ISO-25
100
AcDbAlignedDimension
 13
2727.114958519087
 23
1734.782211841011
 33
0.0
 14
1727.114958519087
 24
1734.782211841011
 34
0.0
100
AcDbRotatedDimension
  0
DIMENSION
  5
72B
102
{ACAD_XDICTIONARY
360
738
102
}
102
{ACAD_REACTORS
330
742
102
}
330
1F
100
AcDbEntity
  8
0
100
AcDbDimension
280
     0
  2
*D8
 10
727.1149585190868
 20
2943.58226884804
 30
0.0
 11
1227.114958519087
 21
3046.321866392379
 31
0.0
 70
    32
 71
     5
 42
1000.0
 73
     0
 74
     0
 75
     0
  3
ISO-25
100
AcDbAlignedDimension
 13
1727.114958519087
 23
2734.782211841011
 33
0.0
 14
727.1149585190868
 24
2734.782211841011
 34
0.0
100
AcDbRotatedDimension
  0
DIMENSION
  5
743
102
{ACAD_XDICTIONARY
360
750
102
}
102
{ACAD_REACTORS
330
75A
102
}
330
1F
100
AcDbEntity
  8
0
100
AcDbDimension
280
     0
  2
*D9
 10
2922.457214438708
 20
734.7822118410116
 30
0.0
 11
2819.717616894369
 21
1234.782211841011
 31
0.0
 70
    32
 71
     5
 42
1000.0
 73
     0
 74
     0
 75
     0
  3
ISO-25
100
AcDbAlignedDimension
 13
2727.114958519087
 23
1734.782211841011
 33
0.0
 14
2727.114958519087
 24
734.7822118410113
 34
0.0
 50
90.0
100
AcDbRotatedDimension
  0
DIMENSION
  5
75B
102
{ACAD_XDICTIONARY
360
768
102
}
102
{ACAD_REACTORS
330
772
102
}
330
1F
100
AcDbEntity
  8
0
100
AcDbDimension
280
     0
  2
*D10
 10
3998.600980728897
 20
734.7822118410116
 30
0.0
 11
3895.861383184558
 21
1234.782211841011
 31
0.0
 70
    32
 71
     5
 42
1000.0
 73
     0
 74
     0
 75
     0
  3
ISO-25
100
AcDbAlignedDimension
 13
3727.114958519087
 23
1734.782211841011
 33
0.0
 14
3727.114958519087
 24
734.7822118410113
 34
0.0
 50
90.0
100
AcDbRotatedDimension
  0
DIMENSION
  5
773
102
{ACAD_XDICTIONARY
360
781
102
}
102
{ACAD_REACTORS
330
78C
102
}
330
1F
100
AcDbEntity
  8
0
100
AcDbDimension
280
     0
  2
*D11
 10
680.0740684778725
 20
3738.976157584274
 30
0.0
 11
577.334470933535
 21
3511.226328116333
 31
0.0
 70
    32
 71
     5
 42
400.0000000000008
 73
     0
 74
     0
 75
     0
  3
ISO-25
100
AcDbAlignedDimension
 13
1227.114958519087
 23
4138.976157584273
 33
0.0
 14
1227.114958519087
 24
3738.976157584273
 34
0.0
 50
90.0
100
AcDbRotatedDimension
  0
DIMENSION
  5
78D
102
{ACAD_XDICTIONARY
360
79B
102
}
102
{ACAD_REACTORS
330
7A6
102
}
330
1F
100
AcDbEntity
  8
0
100
AcDbDimension
280
     0
  2
*D12
 10
927.1149585190869
 20
5551.102560084269
 30
0.0
 11
703.4578984918018
 21
5653.910370452619
 31
0.0
 70
    32
 71
     5
 42
300.0
 73
     0
 74
     0
 75
     0
  3
ISO-25
100
AcDbAlignedDimension
 13
1227.114958519087
 23
5138.976157584274
 33
0.0
 14
927.1149585190869
 24
5438.976157584273
 34
0.0
100
AcDbRotatedDimension
  0
DIMENSION
  5
7A7
102
{ACAD_XDICTIONARY
360
7B4
102
}
102
{ACAD_REACTORS
330
7BE
102
}
330
1F
100
AcDbEntity
  8
0
100
AcDbDimension
280
     0
  2
*D13
 10
1227.114958519087
 20
5356.580014693332
 30
0.0
 11
1727.114958519087
 21
5459.319612237671
 31
0.0
 70
    32
 71
     5
 42
1000.0
 73
     0
 74
     0
 75
     0
  3
ISO-25
100
AcDbAlignedDimension
 13
2227.114958519087
 23
5138.976157584274
 33
0.0
 14
1227.114958519087
 24
5138.976157584274
 34
0.0
100
AcDbRotatedDimension
  0
DIMENSION
  5
7BF
102
{ACAD_XDICTIONARY
360
7CC
102
}
102
{ACAD_REACTORS
330
7D6
102
}
330
1F
100
AcDbEntity
  8
0
100
AcDbDimension
280
     0
  2
*D14
 10
3227.114958519087
 20
5354.615182514171
 30
0.0
 11
2727.114958519087
 21
5457.35478005851
 31
0.0
 70
    32
 71
     5
 42
1000.0
 73
     0
 74
     0
 75
     0
  3
ISO-25
100
AcDbAlignedDimension
 13
2227.114958519087
 23
5138.976157584274
 33
0.0
 14
3227.114958519087
 24
5138.976157584274
 34
0.0
100
AcDbRotatedDimension
  0
DIMENSION
  5
7D7
102
{ACAD_XDICTIONARY
360
7E5
102
}
102
{ACAD_REACTORS
330
7F0
102
}
330
1F
100
AcDbEntity
  8
0
100
AcDbDimension
280
     0
  2
*D15
 10
3627.114958519087
 20
5460.71833419826
 30
0.0
 11
3854.864787987027
 21
5563.457931742599
 31
0.0
 70
    32
 71
     5
 42
400.0
 73
     0
 74
     0
 75
     0
  3
ISO-25
100
AcDbAlignedDimension
 13
3227.114958519087
 23
5138.976157584274
 33
0.0
 14
3627.114958519087
 24
5138.976157584274
 34
0.0
100
AcDbRotatedDimension
  0
DIMENSION
  5
7F1
102
{ACAD_XDICTIONARY
360
7FE
102
}
102
{ACAD_REACTORS
330
808
102
}
330
1F
100
AcDbEntity
  8
0
100
AcDbDimension
280
     0
  2
*D16
 10
9227.114958519088
 20
6501.501197404969
 30
0.0
 11
9727.114958519088
 21
6604.240794949309
 31
0.0
 70
    32
 71
     5
 42
1000.0
 73
     0
 74
     0
 75
     0
  3
ISO-25
100
AcDbAlignedDimension
 13
10227.11495851909
 23
5664.782211841011
 33
0.0
 14
9227.114958519088
 24
5664.782211841011
 34
0.0
100
AcDbRotatedDimension
  0
DIMENSION
  5
809
102
{ACAD_XDICTIONARY
360
816
102
}
102
{ACAD_REACTORS
330
820
102
}
330
1F
100
AcDbEntity
  8
0
100
AcDbDimension
280
     0
  2
*D17
 10
4945.80236014209
 20
2735.481203481262
 30
0.0
 11
4843.062762597751
 21
3235.48120348126
 31
0.0
 70
    32
 71
     5
 42
1000.0
 73
     0
 74
     0
 75
     0
  3
ISO-25
100
AcDbAlignedDimension
 13
4727.114469929534
 23
3735.481203481261
 33
0.0
 14
4727.114469929534
 24
2735.481203481261
 34
0.0
 50
90.0
100
AcDbRotatedDimension
  0
DIMENSION
  5
821
102
{ACAD_XDICTIONARY
360
82E
102
}
102
{ACAD_REACTORS
330
838
102
}
330
1F
100
AcDbEntity
  8
0
100
AcDbDimension
280
     0
  2
*D18
 10
9227.114958519088
 20
4181.385616109037
 30
0.0
 11
8777.114958519089
 21
4284.125213653376
 31
0.0
 70
    32
 71
     5
 42
900.0
 73
     0
 74
     0
 75
     0
  3
ISO-25
100
AcDbAlignedDimension
 13
8327.114958519088
 23
4664.782211841011
 33
0.0
 14
9227.114958519088
 24
4664.782211841011
 34
0.0
100
AcDbRotatedDimension
  0
DIMENSION
  5
839
102
{ACAD_XDICTIONARY
360
846
102
}
102
{ACAD_REACTORS
330
850
102
}
330
1F
100
AcDbEntity
  8
0
100
AcDbDimension
280
     0
  2
*D19
 10
11127.11495851909
 20
4146.079488580537
 30
0.0
 11
10677.11495851909
 21
4248.819086124876
 31
0.0
 70
    32
 71
     5
 42
900.0
 73
     0
 74
     0
 75
     0
  3
ISO-25
100
AcDbAlignedDimension
 13
10227.11495851909
 23
4664.782211841011
 33
0.0
 14
11127.11495851909
 24
4664.782211841011
 34
0.0
100
AcDbRotatedDimension
  0
DIMENSION
  5
851
102
{ACAD_XDICTIONARY
360
85E
102
}
102
{ACAD_REACTORS
330
868
102
}
330
1F
100
AcDbEntity
  8
0
100
AcDbDimension
280
     0
  2
*D20
 10
10227.11495851909
 20
3561.006863148592
 30
0.0
 11
9727.114958519088
 21
3663.746460692931
 31
0.0
 70
    32
 71
     5
 42
1000.0
 73
     0
 74
     0
 75
     0
  3
ISO-25
100
AcDbAlignedDimension
 13
9227.114958519088
 23
3764.782211841011
 33
0.0
 14
10227.11495851909
 24
3764.782211841011
 34
0.0
100
AcDbRotatedDimension
  0
DIMENSION
  5
869
102
{ACAD_XDICTIONARY
360
876
102
}
102
{ACAD_REACTORS
330
880
102
}
330
1F
100
AcDbEntity
  8
0
100
AcDbDimension
280
     0
  2
*D21
 10
7786.687118988433
 20
4664.782211841013
 30
0.0
 11
7683.947521444093
 21
4214.78221184101
 31
0.0
 70
    32
 71
     5
 42
900.0000000000005
 73
     0
 74
     0
 75
     0
  3
ISO-25
100
AcDbAlignedDimension
 13
9227.114958519088
 23
3764.782211841011
 33
0.0
 14
9227.114958519088
 24
4664.782211841011
 34
0.0
 50
90.0
100
AcDbRotatedDimension
  0
DIMENSION
  5
881
102
{ACAD_XDICTIONARY
360
88E
102
}
102
{ACAD_REACTORS
330
898
102
}
330
1F
100
AcDbEntity
  8
0
100
AcDbDimension
280
     0
  2
*D22
 10
12727.11495851909
 20
4429.301801702648
 30
0.0
 11
12242.11495851909
 21
4532.041399246987
 31
0.0
 70
    32
 71
     5
 42
970.0
 73
     0
 74
     0
 75
     0
  3
ISO-25
100
AcDbAlignedDimension
 13
11757.11495851909
 23
4634.782211841011
 33
0.0
 14
12727.11495851909
 24
4634.782211841011
 34
0.0
100
AcDbRotatedDimension
  0
DIMENSION
  5
899
102
{ACAD_XDICTIONARY
360
8A6
102
}
102
{ACAD_REACTORS
330
8B0
102
}
330
1F
100
AcDbEntity
  8
0
100
AcDbDimension
280
     0
  2
*D23
 10
13727.11495851909
 20
5946.010279095077
 30
0.0
 11
13227.11495851909
 21
6048.749876639416
 31
0.0
 70
    32
 71
     5
 42
1000.0
 73
     0
 74
     0
 75
     0
  3
ISO-25
100
AcDbAlignedDimension
 13
12727.11495851909
 23
5634.782211841011
 33
0.0
 14
13727.11495851909
 24
5634.782211841011
 34
0.0
100
AcDbRotatedDimension
  0
DIMENSION
  5
8B1
102
{ACAD_XDICTIONARY
360
8BE
102
}
102
{ACAD_REACTORS
330
8C8
102
}
330
1F
100
AcDbEntity
  8
0
100
AcDbDimension
280
     0
  2
*D24
 10
13973.35605525614
 20
4634.782211841012
 30
0.0
 11
13870.6164577118
 21
5134.782211841009
 31
0.0
 70
    32
 71
     5
 42
1000.0
 73
     0
 74
     0
 75
     0
  3
ISO-25
100
AcDbAlignedDimension
 13
13727.11495851909
 23
5634.782211841011
 33
0.0
 14
13727.11495851909
 24
4634.782211841011
 34
0.0
 50
90.0
100
AcDbRotatedDimension
  0
DIMENSION
  5
8E3
102
{ACAD_XDICTIONARY
360
8F1
102
}
102
{ACAD_REACTORS
330
8FC
102
}
330
1F
100
AcDbEntity
  8
0
100
AcDbDimension
280
     0
  2
*D26
 10
14517.91294467811
 20
4484.782211841014
 30
0.0
 11
14415.17334713377
 21
4712.532041308948
 31
0.0
 70
    32
 71
     5
 42
400.0000000000004
 73
     0
 74
     0
 75
     0
  3
ISO-25
100
AcDbAlignedDimension
 13
13727.11495851909
 23
4084.782211841011
 33
0.0
 14
13727.11495851909
 24
4484.782211841011
 34
0.0
 50
90.0
100
AcDbRotatedDimension
  0
DIMENSION
  5
8FD
102
{ACAD_XDICTIONARY
360
90B
102
}
102
{ACAD_REACTORS
330
916
102
}
330
1F
100
AcDbEntity
  8
0
100
AcDbDimension
280
     0
  2
*D27
 10
14546.41144703464
 20
3934.782211841013
 30
0.0
 11
14443.6718494903
 21
4162.532041308948
 31
0.0
 70
    32
 71
     5
 42
400.0
 73
     0
 74
     0
 75
     0
  3
ISO-25
100
AcDbAlignedDimension
 13
13727.11495851909
 23
3534.782211841012
 33
0.0
 14
13727.11495851909
 24
3934.782211841012
 34
0.0
 50
90.0
100
AcDbRotatedDimension
  0
DIMENSION
  5
917
102
{ACAD_XDICTIONARY
360
925
102
}
102
{ACAD_REACTORS
330
930
102
}
330
1F
100
AcDbEntity
  8
0
100
AcDbDimension
280
     0
  2
*D28
 10
14815.81258887019
 20
2434.782211841012
 30
0.0
 11
14713.07299132585
 21
2649.094114978798
 31
0.0
 70
    32
 71
     5
 42
150.0
 73
     0
 74
     0
 75
     0
  3
ISO-25
100
AcDbAlignedDimension
 13
13727.11495851909
 23
2284.782211841012
 33
0.0
 14
13727.11495851909
 24
2434.782211841012
 34
0.0
 50
90.0
100
AcDbRotatedDimension
  0
DIMENSION
  5
931
102
{ACAD_XDICTIONARY
360
93E
102
}
102
{ACAD_REACTORS
330
948
102
}
330
1F
100
AcDbEntity
  8
0
100
AcDbDimension
280
     0
  2
*D29
 10
11727.11495851909
 20
1829.244061968464
 30
0.0
 11
10977.11495851909
 21
1931.983659512802
 31
0.0
 70
    32
 71
     5
 42
1500.0
 73
     0
 74
     0
 75
     0
  3
ISO-25
100
AcDbAlignedDimension
 13
10227.11495851909
 23
1634.782211841011
 33
0.0
 14
11727.11495851909
 24
1634.782211841011
 34
0.0
100
AcDbRotatedDimension
  0
DIMENSION
  5
949
102
{ACAD_XDICTIONARY
360
957
102
}
102
{ACAD_REACTORS
330
962
102
}
330
1F
100
AcDbEntity
  8
0
100
AcDbDimension
280
     0
  2
*D30
 10
10385.19040272292
 20
1334.782211841012
 30
0.0
 11
10282.45080517858
 21
1560.212805292577
 31
0.0
 70
    32
 71
     5
 42
200.0
 73
     0
 74
     0
 75
     0
  3
ISO-25
100
AcDbAlignedDimension
 13
10227.11495851909
 23
1134.782211841011
 33
0.0
 14
10227.11495851909
 24
1334.782211841011
 34
0.0
 50
90.0
100
AcDbRotatedDimension
  0
DIMENSION
  5
963
102
{ACAD_XDICTIONARY
360
971
102
}
102
{ACAD_REACTORS
330
97C
102
}
330
1F
100
AcDbEntity
  8
0
100
AcDbDimension
280
     0
  2
*D31
 10
9992.249662302384
 20
1034.782211841012
 30
0.0
 11
9889.510064758043
 21
820.4703087032187
 31
0.0
 70
    32
 71
     5
 42
100.0
 73
     0
 74
     0
 75
     0
  3
ISO-25
100
AcDbAlignedDimension
 13
10227.11495851909
 23
1134.782211841011
 33
0.0
 14
10227.11495851909
 24
1034.782211841011
 34
0.0
 50
90.0
100
AcDbRotatedDimension
  0
DIMENSION
  5
97D
102
{ACAD_XDICTIONARY
360
98A
102
}
102
{ACAD_REACTORS
330
994
102
}
330
1F
100
AcDbEntity
  8
0
100
AcDbDimension
280
     0
  2
*D32
 10
14822.92279395119
 20
1734.782211841012
 30
0.0
 11
14720.18319640685
 21
1234.782211841008
 31
0.0
 70
    32
 71
     5
 42
1000.0
 73
     0
 74
     0
 75
     0
  3
ISO-25
100
AcDbAlignedDimension
 13
13727.11495851909
 23
734.7822118410113
 33
0.0
 14
13727.11495851909
 24
1734.782211841011
 34
0.0
 50
90.0
100
AcDbRotatedDimension
  0
LINE
  5
995
102
{ACAD_REACTORS
330
9AD
330
9C5
102
}
330
1F
100
AcDbEntity
  8
0
100
AcDbLine
 10
4227.114958519087
 20
3734.782211841011
 30
0.0
 11
4227.114958519087
 21
3234.782211841011
 31
0.0
  0
DIMENSION
  5
996
102
{ACAD_XDICTIONARY
360
9A3
102
}
102
{ACAD_REACTORS
330
9AD
102
}
330
1F
100
AcDbEntity
  8
0
100
AcDbDimension
280
     0
  2
*D33
 10
227.1149585190872
 20
4226.815399542887
 30
0.0
 11
2227.114958519087
 21
4329.554997087226
 31
0.0
 70
    32
 71
     5
 42
4000.0
 73
     0
 74
     0
 75
     0
  3
ISO-25
100
AcDbAlignedDimension
 13
4227.114958519087
 23
3234.782211841011
 33
0.0
 14
227.1149585190869
 24
234.7822118410113
 34
0.0
100
AcDbRotatedDimension
  0
DIMENSION
  5
9AE
102
{ACAD_XDICTIONARY
360
9BB
102
}
102
{ACAD_REACTORS
330
9C5
102
}
330
1F
100
AcDbEntity
  8
0
100
AcDbDimension
280
     0
  2
*D34
 10
5294.772788514706
 20
234.7822118410122
 30
0.0
 11
5191.964978146357
 21
1734.782211841011
 31
0.0
 70
    32
 71
     5
 42
3000.0
 73
     0
 74
     0
 75
     0
  3
ISO-25
100
AcDbAlignedDimension
 13
4227.114958519087
 23
3234.782211841011
 33
0.0
 14
227.1149585190869
 24
234.7822118410113
 34
0.0
 50
90.0
100
AcDbRotatedDimension
  0
ENDSEC
  0
SECTION
  2
OBJECTS
  0
DICTIONARY
  5
C
330
0
100
AcDbDictionary
281
     1
  3
ACAD_CIP_PREVIOUS_PRODUCT_INFO
350
216
  3
ACAD_COLOR
350
6B
  3
ACAD_DETAILVIEWSTYLE
350
21B
  3
ACAD_GROUP
350
D
  3
ACAD_LAST_SAVED_VERSION_INFO
350
9C6
  3
ACAD_LAYOUT
350
1A
  3
ACAD_MATERIAL
350
6A
  3
ACAD_MLEADERSTYLE
350
12D
  3
ACAD_MLINESTYLE
350
17
  3
ACAD_PLOTSETTINGS
350
19
  3
ACAD_PLOTSTYLENAME
350
E
  3
ACAD_SCALELIST
350
10C
  3
ACAD_SECTIONVIEWSTYLE
350
219
  3
ACAD_TABLESTYLE
350
7E
  3
ACAD_VISUALSTYLE
350
EF
  3
ACDB_RECOMPOSE_DATA
350
9CF
  3
AcDbVariableDictionary
350
5E
  3
AcDsDecomposeData
350
9D5
  0
DICTIONARY
  5
1FF
330
2
100
AcDbDictionary
280
     1
281
     1
  3
ACAD_LAYERSTATES
360
200
  0
DICTIONARY
  5
13C
330
10
100
AcDbDictionary
280
     1
281
     1
  0
DICTIONARY
  5
1CE
330
1F
100
AcDbDictionary
280
     1
281
     1
  3
ACAD_SORTENTS
360
461
  0
DICTIONARY
  5
6D8
330
6CA
100
AcDbDictionary
280
     1
281
     1
  3
ACAD_DIMASSOC
360
6E2
  0
DICTIONARY
  5
6F0
330
6E3
100
AcDbDictionary
280
     1
281
     1
  3
ACAD_DIMASSOC
360
6FA
  0
DICTIONARY
  5
708
330
6FB
100
AcDbDictionary
280
     1
281
     1
  3
ACAD_DIMASSOC
360
712
  0
DICTIONARY
  5
720
330
713
100
AcDbDictionary
280
     1
281
     1
  3
ACAD_DIMASSOC
360
72A
  0
DICTIONARY
  5
738
330
72B
100
AcDbDictionary
280
     1
281
     1
  3
ACAD_DIMASSOC
360
742
  0
DICTIONARY
  5
750
330
743
100
AcDbDictionary
280
     1
281
     1
  3
ACAD_DIMASSOC
360
75A
  0
DICTIONARY
  5
768
330
75B
100
AcDbDictionary
280
     1
281
     1
  3
ACAD_DIMASSOC
360
772
  0
DICTIONARY
  5
781
330
773
100
AcDbDictionary
280
     1
281
     1
  3
ACAD_DIMASSOC
360
78C
  0
DICTIONARY
  5
79B
330
78D
100
AcDbDictionary
280
     1
281
     1
  3
ACAD_DIMASSOC
360
7A6
  0
DICTIONARY
  5
7B4
330
7A7
100
AcDbDictionary
280
     1
281
     1
  3
ACAD_DIMASSOC
360
7BE
  0
DICTIONARY
  5
7CC
330
7BF
100
AcDbDictionary
280
     1
281
     1
  3
ACAD_DIMASSOC
360
7D6
  0
DICTIONARY
  5
7E5
330
7D7
100
AcDbDictionary
280
     1
281
     1
  3
ACAD_DIMASSOC
360
7F0
  0
DICTIONARY
  5
7FE
330
7F1
100
AcDbDictionary
280
     1
281
     1
  3
ACAD_DIMASSOC
360
808
  0
DICTIONARY
  5
816
330
809
100
AcDbDictionary
280
     1
281
     1
  3
ACAD_DIMASSOC
360
820
  0
DICTIONARY
  5
82E
330
821
100
AcDbDictionary
280
     1
281
     1
  3
ACAD_DIMASSOC
360
838
  0
DICTIONARY
  5
846
330
839
100
AcDbDictionary
280
     1
281
     1
  3
ACAD_DIMASSOC
360
850
  0
DICTIONARY
  5
85E
330
851
100
AcDbDictionary
280
     1
281
     1
  3
ACAD_DIMASSOC
360
868
  0
DICTIONARY
  5
876
330
869
100
AcDbDictionary
280
     1
281
     1
  3
ACAD_DIMASSOC
360
880
  0
DICTIONARY
  5
88E
330
881
100
AcDbDictionary
280
     1
281
     1
  3
ACAD_DIMASSOC
360
898
  0
DICTIONARY
  5
8A6
330
899
100
AcDbDictionary
280
     1
281
     1
  3
ACAD_DIMASSOC
360
8B0
  0
DICTIONARY
  5
8BE
330
8B1
100
AcDbDictionary
280
     1
281
     1
  3
ACAD_DIMASSOC
360
8C8
  0
DICTIONARY
  5
8F1
330
8E3
100
AcDbDictionary
280
     1
281
     1
  3
ACAD_DIMASSOC
360
8FC
  0
DICTIONARY
  5
90B
330
8FD
100
AcDbDictionary
280
     1
281
     1
  3
ACAD_DIMASSOC
360
916
  0
DICTIONARY
  5
925
330
917
100
AcDbDictionary
280
     1
281
     1
  3
ACAD_DIMASSOC
360
930
  0
DICTIONARY
  5
93E
330
931
100
AcDbDictionary
280
     1
281
     1
  3
ACAD_DIMASSOC
360
948
  0
DICTIONARY
  5
957
330
949
100
AcDbDictionary
280
     1
281
     1
  3
ACAD_DIMASSOC
360
962
  0
DICTIONARY
  5
971
330
963
100
AcDbDictionary
280
     1
281
     1
  3
ACAD_DIMASSOC
360
97C
  0
DICTIONARY
  5
98A
330
97D
100
AcDbDictionary
280
     1
281
     1
  3
ACAD_DIMASSOC
360
994
  0
DICTIONARY
  5
9A3
330
996
100
AcDbDictionary
280
     1
281
     1
  3
ACAD_DIMASSOC
360
9AD
  0
DICTIONARY
  5
9BB
330
9AE
100
AcDbDictionary
280
     1
281
     1
  3
ACAD_DIMASSOC
360
9C5
  0
XRECORD
  5
216
102
{ACAD_REACTORS
330
C
102
}
330
C
100
AcDbXrecord
280
     1
300
ACD
300
2025
300

  0
DICTIONARY
  5
6B
102
{ACAD_REACTORS
330
C
102
}
330
C
100
AcDbDictionary
281
     1
  0
DICTIONARY
  5
21B
102
{ACAD_REACTORS
330
C
102
}
330
C
100
AcDbDictionary
281
     1
  3
Metric50
350
21C
  0
DICTIONARY
  5
D
102
{ACAD_REACTORS
330
C
102
}
330
C
100
AcDbDictionary
281
     1
  0
XRECORD
  5
9C6
102
{ACAD_REACTORS
330
C
102
}
330
C
100
AcDbXrecord
280
     1
300
{CDCD30E7-CB9D-D14F-BE15-4C578A7C87A1}
301
{B0C7A20A-3B5B-7943-B2F3-1DD72636ABA0}
302
{CDCD30E7-CB9D-D14F-BE15-4C578A7C87A1}
303
D:\大国工匠\cad草图\足式障碍赛地图.dxf
  0
DICTIONARY
  5
1A
102
{ACAD_REACTORS
330
C
102
}
330
C
100
AcDbDictionary
281
     1
  3
Model
350
22
  3
布局1
350
D3
  3
布局2
350
D7
  0
DICTIONARY
  5
6A
102
{ACAD_REACTORS
330
C
102
}
330
C
100
AcDbDictionary
281
     1
  3
ByBlock
350
ED
  3
ByLayer
350
EC
  3
Global
350
EE
  0
DICTIONARY
  5
12D
102
{ACAD_REACTORS
330
C
102
}
330
C
100
AcDbDictionary
281
     1
  3
Annotative
350
13B
  3
Standard
350
12E
  0
DICTIONARY
  5
17
102
{ACAD_REACTORS
330
C
102
}
330
C
100
AcDbDictionary
281
     1
  3
Standard
350
18
  0
DICTIONARY
  5
19
102
{ACAD_REACTORS
330
C
102
}
330
C
100
AcDbDictionary
281
     1
  0
ACDBDICTIONARYWDFLT
  5
E
102
{ACAD_REACTORS
330
C
102
}
330
C
100
AcDbDictionary
281
     1
  3
Normal
350
F
100
AcDbDictionaryWithDefault
340
F
  0
DICTIONARY
  5
10C
102
{ACAD_REACTORS
330
C
102
}
330
C
100
AcDbDictionary
281
     1
  3
A0
350
10D
  3
A1
350
1BE
  3
A2
350
1BF
  3
A3
350
1C0
  3
A4
350
1C1
  3
A5
350
1C2
  3
A6
350
1C3
  3
A7
350
1C4
  3
A8
350
1C5
  3
A9
350
1C6
  3
B0
350
1C7
  3
B1
350
1C8
  3
B2
350
1C9
  3
B3
350
1CA
  3
B4
350
1CB
  3
B5
350
1CC
  3
B6
350
1CD
  0
DICTIONARY
  5
219
102
{ACAD_REACTORS
330
C
102
}
330
C
100
AcDbDictionary
281
     1
  3
Metric50
350
21A
  0
DICTIONARY
  5
7E
102
{ACAD_REACTORS
330
C
102
}
330
C
100
AcDbDictionary
281
     1
  3
Standard
350
7F
  0
DICTIONARY
  5
EF
102
{ACAD_REACTORS
330
C
102
}
330
C
100
AcDbDictionary
281
     1
  3
2dWireframe
350
F5
  3
Basic
350
F4
  3
Brighten
350
FB
  3
ColorChange
350
FF
  3
Conceptual
350
F8
  3
Dim
350
FA
  3
EdgeColorOff
350
1E6
  3
Facepattern
350
FE
  3
Flat
350
F0
  3
FlatWithEdges
350
F1
  3
Gouraud
350
F2
  3
GouraudWithEdges
350
F3
  3
Hidden
350
F7
  3
JitterOff
350
1E4
  3
Linepattern
350
FD
  3
OverhangOff
350
1E5
  3
Realistic
350
F9
  3
Shaded
350
1F3
  3
Shaded with edges
350
1F2
  3
Shades of Gray
350
1EF
  3
Sketchy
350
1F0
  3
Thicken
350
FC
  3
Wireframe
350
F6
  3
X-Ray
350
1F1
  0
XRECORD
  5
9CF
102
{ACAD_REACTORS
330
C
102
}
330
C
100
AcDbXrecord
280
     1
 90
        1
330
7F
  0
DICTIONARY
  5
5E
102
{ACAD_REACTORS
330
C
102
}
330
C
100
AcDbDictionary
281
     1
  3
CANNOSCALE
350
146
  3
CENTEREXE
350
259
  3
CENTERLTYPEFILE
350
25A
  3
CMLEADERSTYLE
350
145
  3
CTABLESTYLE
350
84
  3
CVIEWDETAILSTYLE
350
227
  3
CVIEWSECTIONSTYLE
350
228
  3
DIMASSOC
350
5F
  3
HIDETEXT
350
63
  3
HPBACKGROUNDCOLOR
350
66F
  3
HPCOLOR
350
467
  3
HPTRANSPARENCY
350
466
  3
LAYEREVAL
350
1AE
  3
LAYERNOTIFY
350
1AF
  0
DICTIONARY
  5
9D5
102
{ACAD_REACTORS
330
C
102
}
330
C
100
AcDbDictionary
281
     1
  3
AcDsRecords
350
9D7
  3
AcDsSchemas
350
9D6
1001
ACAD
1070
     2
  0
DICTIONARY
  5
200
102
{ACAD_REACTORS
330
1FF
102
}
330
1FF
100
AcDbDictionary
281
     1
  0
SORTENTSTABLE
  5
461
102
{ACAD_REACTORS
330
1CE
102
}
330
1CE
100
AcDbSortentsTable
330
1F
331
3F4
  5
410
331
3F5
  5
43F
331
3F6
  5
464
331
3F7
  5
473
331
3F8
  5
477
331
410
  5
478
331
411
  5
487
331
412
  5
489
331
413
  5
48A
331
414
  5
48B
331
415
  5
48D
331
416
  5
4CE
331
417
  5
4CF
331
418
  5
4D0
331
419
  5
4D1
331
41A
  5
4D3
331
436
  5
4D4
331
437
  5
4D6
331
438
  5
4D7
331
439
  5
4D8
331
43B
  5
4DA
331
43C
  5
4DB
331
43D
  5
4DC
331
43E
  5
4DD
331
43F
  5
4DE
331
440
  5
4DF
331
441
  5
4E0
331
442
  5
4E1
331
443
  5
4E2
331
444
  5
4E3
331
485
  5
4D2
331
4AF
  5
4D5
331
4CE
  5
4E8
331
4CF
  5
4E9
331
4D1
  5
4F3
331
4D2
  5
4F5
331
4D3
  5
4F8
331
4D4
  5
4FD
331
4D5
  5
4FE
331
4D6
  5
4FF
331
4D7
  5
500
331
4D8
  5
501
331
4D9
  5
502
331
4DB
  5
504
331
4DC
  5
505
331
4DD
  5
509
331
4DE
  5
50A
331
4DF
  5
50C
331
4E0
  5
50D
331
4E1
  5
50E
331
4E2
  5
50F
331
4E3
  5
510
331
4E4
  5
52F
331
4E5
  5
530
331
4E7
  5
531
331
4E8
  5
532
331
4E9
  5
533
331
4EA
  5
534
331
4EB
  5
535
331
4EC
  5
536
331
4ED
  5
536
331
4EF
  5
537
331
4F0
  5
538
331
4F1
  5
53B
331
4F2
  5
53C
331
4F3
  5
53D
331
4F4
  5
53E
331
4F5
  5
539
331
4F6
  5
540
331
4F7
  5
53F
331
4F8
  5
619
331
4FD
  5
541
331
4FE
  5
61A
331
4FF
  5
61B
331
500
  5
61C
331
501
  5
61E
331
502
  5
625
331
503
  5
626
331
504
  5
627
331
505
  5
62D
331
506
  5
628
331
507
  5
62F
331
508
  5
630
331
509
  5
637
331
50A
  5
63E
331
50B
  5
63D
331
50C
  5
63F
331
50D
  5
646
331
50E
  5
647
331
50F
  5
648
331
510
  5
649
331
52F
  5
655
331
530
  5
656
331
531
  5
657
331
532
  5
658
331
533
  5
659
331
534
  5
66D
331
535
  5
66E
331
536
  5
671
331
537
  5
687
331
538
  5
688
331
539
  5
689
331
53B
  5
68A
331
53C
  5
68B
331
53D
  5
68C
331
53E
  5
68D
331
53F
  5
68E
331
540
  5
68F
331
541
  5
690
331
618
  5
692
331
619
  5
693
331
61A
  5
694
331
634
  5
48C
331
63C
  5
488
331
645
  5
691
331
653
  5
3F8
331
66C
  5
654
331
686
  5
4F2
331
6C7
  5
4F4
  0
DIMASSOC
  5
6E2
102
{ACAD_REACTORS
330
6D8
102
}
330
6D8
100
AcDbDimAssoc
330
6CA
 90
        3
 70
     0
 71
     0
  1
AcDbOsnapPointRef
 72
     1
331
418
 73
     2
 91
        0
 40
1.0
 10
727.1149585190869
 20
734.7822118410113
 30
0.0
 75
     0
  1
AcDbOsnapPointRef
 72
    13
331
411
 73
     2
 91
        0
 40
0.0
 10
727.1149585190869
 20
234.7822118410113
 30
0.0
 75
     0
  0
DIMASSOC
  5
6FA
102
{ACAD_REACTORS
330
6F0
102
}
330
6F0
100
AcDbDimAssoc
330
6E3
 90
        3
 70
     0
 71
     0
  1
AcDbOsnapPointRef
 72
    13
331
419
 73
     2
 91
        0
 40
0.0
 10
727.1149585190868
 20
2734.782211841011
 30
0.0
 75
     0
  1
AcDbOsnapPointRef
 72
     1
331
418
 73
     2
 91
        0
 40
1.0
 10
727.1149585190869
 20
734.7822118410113
 30
0.0
 75
     0
  0
DIMASSOC
  5
712
102
{ACAD_REACTORS
330
708
102
}
330
708
100
AcDbDimAssoc
330
6FB
 90
        3
 70
     0
 71
     0
  1
AcDbOsnapPointRef
 72
    13
331
413
 73
     2
 91
        0
 40
0.0
 10
2727.114958519087
 20
734.7822118410113
 30
0.0
 75
     0
  1
AcDbOsnapPointRef
 72
     1
331
418
 73
     2
 91
        0
 40
1.0
 10
727.1149585190869
 20
734.7822118410113
 30
0.0
 75
     0
  0
DIMASSOC
  5
72A
102
{ACAD_REACTORS
330
720
102
}
330
720
100
AcDbDimAssoc
330
713
 90
        3
 70
     0
 71
     0
  1
AcDbOsnapPointRef
 72
     1
331
413
 73
     2
 91
        0
 40
1.0
 10
2727.114958519087
 20
1734.782211841011
 30
0.0
 75
     0
  1
AcDbOsnapPointRef
 72
    13
331
418
 73
     2
 91
        0
 40
0.0
 10
1727.114958519087
 20
1734.782211841011
 30
0.0
 75
     0
  0
DIMASSOC
  5
742
102
{ACAD_REACTORS
330
738
102
}
330
738
100
AcDbDimAssoc
330
72B
 90
        3
 70
     0
 71
     0
  1
AcDbOsnapPointRef
 72
    13
331
416
 73
     2
 91
        0
 40
0.0
 10
1727.114958519087
 20
2734.782211841011
 30
0.0
 75
     0
  1
AcDbOsnapPointRef
 72
    13
331
419
 73
     2
 91
        0
 40
0.0
 10
727.1149585190868
 20
2734.782211841011
 30
0.0
 75
     0
  0
DIMASSOC
  5
75A
102
{ACAD_REACTORS
330
750
102
}
330
750
100
AcDbDimAssoc
330
743
 90
        3
 70
     0
 71
     0
  1
AcDbOsnapPointRef
 72
    13
331
414
 73
     2
 91
        0
 40
0.0
 10
2727.114958519087
 20
1734.782211841011
 30
0.0
 75
     0
  1
AcDbOsnapPointRef
 72
    13
331
413
 73
     2
 91
        0
 40
0.0
 10
2727.114958519087
 20
734.7822118410113
 30
0.0
 75
     0
  0
DIMASSOC
  5
772
102
{ACAD_REACTORS
330
768
102
}
330
768
100
AcDbDimAssoc
330
75B
 90
        3
 70
     0
 71
     0
  1
AcDbOsnapPointRef
 72
    13
331
61A
 73
     2
 91
        0
 40
0.0
 10
3727.114958519087
 20
1734.782211841011
 30
0.0
 75
     0
  1
AcDbOsnapPointRef
 72
     1
331
61A
 73
     2
 91
        0
 40
1.0
 10
3727.114958519087
 20
734.7822118410113
 30
0.0
 75
     0
  0
DIMASSOC
  5
78C
102
{ACAD_REACTORS
330
781
102
}
330
781
100
AcDbDimAssoc
330
773
 90
        3
 70
     0
 71
     0
  1
AcDbOsnapPointRef
 72
    13
331
439
 73
     2
 91
        0
 40
0.0
 10
1227.114958519087
 20
4138.976157584273
 30
0.0
 75
     0
  1
AcDbOsnapPointRef
 72
    13
331
437
 73
     2
 91
        0
 40
0.0
 10
1227.114958519087
 20
3738.976157584273
 30
0.0
 75
     0
  0
DIMASSOC
  5
7A6
102
{ACAD_REACTORS
330
79B
102
}
330
79B
100
AcDbDimAssoc
330
78D
 90
        3
 70
     0
 71
     0
  1
AcDbOsnapPointRef
 72
    13
331
43F
 73
     2
 91
        0
 40
0.0
 10
1227.114958519087
 20
5138.976157584274
 30
0.0
 75
     0
  1
AcDbOsnapPointRef
 72
     1
331
43D
 73
     2
 91
        0
 40
1.0
 10
927.1149585190869
 20
5438.976157584273
 30
0.0
 75
     0
  0
DIMASSOC
  5
7BE
102
{ACAD_REACTORS
330
7B4
102
}
330
7B4
100
AcDbDimAssoc
330
7A7
 90
        3
 70
     0
 71
     0
  1
AcDbOsnapPointRef
 72
    13
331
441
 73
     2
 91
        0
 40
0.0
 10
2227.114958519087
 20
5138.976157584274
 30
0.0
 75
     0
  1
AcDbOsnapPointRef
 72
    13
331
43F
 73
     2
 91
        0
 40
0.0
 10
1227.114958519087
 20
5138.976157584274
 30
0.0
 75
     0
  0
DIMASSOC
  5
7D6
102
{ACAD_REACTORS
330
7CC
102
}
330
7CC
100
AcDbDimAssoc
330
7BF
 90
        3
 70
     0
 71
     0
  1
AcDbOsnapPointRef
 72
    13
331
441
 73
     2
 91
        0
 40
0.0
 10
2227.114958519087
 20
5138.976157584274
 30
0.0
 75
     0
  1
AcDbOsnapPointRef
 72
    13
331
443
 73
     2
 91
        0
 40
0.0
 10
3227.114958519087
 20
5138.976157584274
 30
0.0
 75
     0
  0
DIMASSOC
  5
7F0
102
{ACAD_REACTORS
330
7E5
102
}
330
7E5
100
AcDbDimAssoc
330
7D7
 90
        3
 70
     0
 71
     0
  1
AcDbOsnapPointRef
 72
    13
331
443
 73
     2
 91
        0
 40
0.0
 10
3227.114958519087
 20
5138.976157584274
 30
0.0
 75
     0
  1
AcDbOsnapPointRef
 72
     1
331
443
 73
     2
 91
        0
 40
1.0
 10
3627.114958519087
 20
5138.976157584274
 30
0.0
 75
     0
  0
DIMASSOC
  5
808
102
{ACAD_REACTORS
330
7FE
102
}
330
7FE
100
AcDbDimAssoc
330
7F1
 90
        3
 70
     0
 71
     0
  1
AcDbOsnapPointRef
 72
    13
331
538
 73
     2
 91
        0
 40
0.0
 10
10227.11495851909
 20
5664.782211841011
 30
0.0
 75
     0
  1
AcDbOsnapPointRef
 72
     1
331
538
 73
     2
 91
        0
 40
1.0
 10
9227.114958519088
 20
5664.782211841011
 30
0.0
 75
     0
  0
DIMASSOC
  5
820
102
{ACAD_REACTORS
330
816
102
}
330
816
100
AcDbDimAssoc
330
809
 90
        3
 70
     0
 71
     0
  1
AcDbOsnapPointRef
 72
    13
331
3F5
 73
     2
 91
        0
 40
0.0
 10
4727.114469929534
 20
3735.481203481261
 30
0.0
 75
     0
  1
AcDbOsnapPointRef
 72
     1
331
3F5
 73
     2
 91
        0
 40
1.0
 10
4727.114469929534
 20
2735.481203481261
 30
0.0
 75
     0
  0
DIMASSOC
  5
838
102
{ACAD_REACTORS
330
82E
102
}
330
82E
100
AcDbDimAssoc
330
821
 90
        3
 70
     0
 71
     0
  1
AcDbOsnapPointRef
 72
    13
331
534
 73
     2
 91
        0
 40
0.0
 10
8327.114958519088
 20
4664.782211841011
 30
0.0
 75
     0
  1
AcDbOsnapPointRef
 72
     1
331
534
 73
     2
 91
        0
 40
1.0
 10
9227.114958519088
 20
4664.782211841011
 30
0.0
 75
     0
  0
DIMASSOC
  5
850
102
{ACAD_REACTORS
330
846
102
}
330
846
100
AcDbDimAssoc
330
839
 90
        3
 70
     0
 71
     0
  1
AcDbOsnapPointRef
 72
    13
331
530
 73
     2
 91
        0
 40
0.0
 10
10227.11495851909
 20
4664.782211841011
 30
0.0
 75
     0
  1
AcDbOsnapPointRef
 72
     1
331
530
 73
     2
 91
        0
 40
1.0
 10
11127.11495851909
 20
4664.782211841011
 30
0.0
 75
     0
  0
DIMASSOC
  5
868
102
{ACAD_REACTORS
330
85E
102
}
330
85E
100
AcDbDimAssoc
330
851
 90
        3
 70
     0
 71
     0
  1
AcDbOsnapPointRef
 72
    13
331
541
 73
     2
 91
        0
 40
0.0
 10
9227.114958519088
 20
3764.782211841011
 30
0.0
 75
     0
  1
AcDbOsnapPointRef
 72
     1
331
541
 73
     2
 91
        0
 40
1.0
 10
10227.11495851909
 20
3764.782211841011
 30
0.0
 75
     0
  0
DIMASSOC
  5
880
102
{ACAD_REACTORS
330
876
102
}
330
876
100
AcDbDimAssoc
330
869
 90
        3
 70
     0
 71
     0
  1
AcDbOsnapPointRef
 72
     1
331
535
 73
     2
 91
        0
 40
1.0
 10
9227.114958519088
 20
3764.782211841011
 30
0.0
 75
     0
  1
AcDbOsnapPointRef
 72
     1
331
539
 73
     2
 91
        0
 40
1.0
 10
9227.114958519088
 20
4664.782211841011
 30
0.0
 75
     0
  0
DIMASSOC
  5
898
102
{ACAD_REACTORS
330
88E
102
}
330
88E
100
AcDbDimAssoc
330
881
 90
        3
 70
     0
 71
     0
  1
AcDbOsnapPointRef
 72
    13
331
4F8
 73
     2
 91
        0
 40
0.0
 10
11757.11495851909
 20
4634.782211841011
 30
0.0
 75
     0
  1
AcDbOsnapPointRef
 72
     1
331
4F8
 73
     2
 91
        0
 40
1.0
 10
12727.11495851909
 20
4634.782211841011
 30
0.0
 75
     0
  0
DIMASSOC
  5
8B0
102
{ACAD_REACTORS
330
8A6
102
}
330
8A6
100
AcDbDimAssoc
330
899
 90
        3
 70
     0
 71
     0
  1
AcDbOsnapPointRef
 72
    13
331
4E3
 73
     2
 91
        0
 40
0.0
 10
12727.11495851909
 20
5634.782211841011
 30
0.0
 75
     0
  1
AcDbOsnapPointRef
 72
     1
331
4E3
 73
     2
 91
        0
 40
1.0
 10
13727.11495851909
 20
5634.782211841011
 30
0.0
 75
     0
  0
DIMASSOC
  5
8C8
102
{ACAD_REACTORS
330
8BE
102
}
330
8BE
100
AcDbDimAssoc
330
8B1
 90
        3
 70
     0
 71
     0
  1
AcDbOsnapPointRef
 72
    13
331
4E4
 73
     2
 91
        0
 40
0.0
 10
13727.11495851909
 20
5634.782211841011
 30
0.0
 75
     0
  1
AcDbOsnapPointRef
 72
     1
331
4E4
 73
     2
 91
        0
 40
1.0
 10
13727.11495851909
 20
4634.782211841011
 30
0.0
 75
     0
  0
DIMASSOC
  5
8FC
102
{ACAD_REACTORS
330
8F1
102
}
330
8F1
100
AcDbDimAssoc
330
8E3
 90
        3
 70
     0
 71
     0
  1
AcDbOsnapPointRef
 72
    13
331
506
 73
     2
 91
        0
 40
0.0
 10
13727.11495851909
 20
4084.782211841011
 30
0.0
 75
     0
  1
AcDbOsnapPointRef
 72
     1
331
506
 73
     2
 91
        0
 40
1.0
 10
13727.11495851909
 20
4484.782211841011
 30
0.0
 75
     0
  0
DIMASSOC
  5
916
102
{ACAD_REACTORS
330
90B
102
}
330
90B
100
AcDbDimAssoc
330
8FD
 90
        3
 70
     0
 71
     0
  1
AcDbOsnapPointRef
 72
    13
331
504
 73
     2
 91
        0
 40
0.0
 10
13727.11495851909
 20
3534.782211841012
 30
0.0
 75
     0
  1
AcDbOsnapPointRef
 72
     1
331
504
 73
     2
 91
        0
 40
1.0
 10
13727.11495851909
 20
3934.782211841012
 30
0.0
 75
     0
  0
DIMASSOC
  5
930
102
{ACAD_REACTORS
330
925
102
}
330
925
100
AcDbDimAssoc
330
917
 90
        3
 70
     0
 71
     0
  1
AcDbOsnapPointRef
 72
    13
331
50F
 73
     2
 91
        0
 40
0.0
 10
13727.11495851909
 20
2284.782211841012
 30
0.0
 75
     0
  1
AcDbOsnapPointRef
 72
    13
331
50E
 73
     2
 91
        0
 40
0.0
 10
13727.11495851909
 20
2434.782211841012
 30
0.0
 75
     0
  0
DIMASSOC
  5
948
102
{ACAD_REACTORS
330
93E
102
}
330
93E
100
AcDbDimAssoc
330
931
 90
        3
 70
     0
 71
     0
  1
AcDbOsnapPointRef
 72
    13
331
4EF
 73
     2
 91
        0
 40
0.0
 10
10227.11495851909
 20
1634.782211841011
 30
0.0
 75
     0
  1
AcDbOsnapPointRef
 72
     1
331
4EF
 73
     2
 91
        0
 40
1.0
 10
11727.11495851909
 20
1634.782211841011
 30
0.0
 75
     0
  0
DIMASSOC
  5
962
102
{ACAD_REACTORS
330
957
102
}
330
957
100
AcDbDimAssoc
330
949
 90
        3
 70
     0
 71
     0
  1
AcDbOsnapPointRef
 72
    13
331
4D6
 73
     2
 91
        0
 40
0.0
 10
10227.11495851909
 20
1134.782211841011
 30
0.0
 75
     0
  1
AcDbOsnapPointRef
 72
     1
331
4D6
 73
     2
 91
        0
 40
1.0
 10
10227.11495851909
 20
1334.782211841011
 30
0.0
 75
     0
  0
DIMASSOC
  5
97C
102
{ACAD_REACTORS
330
971
102
}
330
971
100
AcDbDimAssoc
330
963
 90
        3
 70
     0
 71
     0
  1
AcDbOsnapPointRef
 72
    13
331
4F2
 73
     2
 91
        0
 40
0.0
 10
10227.11495851909
 20
1134.782211841011
 30
0.0
 75
     0
  1
AcDbOsnapPointRef
 72
    13
331
4F4
 73
     2
 91
        0
 40
0.0
 10
10227.11495851909
 20
1034.782211841011
 30
0.0
 75
     0
  0
DIMASSOC
  5
994
102
{ACAD_REACTORS
330
98A
102
}
330
98A
100
AcDbDimAssoc
330
97D
 90
        3
 70
     0
 71
     0
  1
AcDbOsnapPointRef
 72
    13
331
4DD
 73
     2
 91
        0
 40
0.0
 10
13727.11495851909
 20
734.7822118410113
 30
0.0
 75
     0
  1
AcDbOsnapPointRef
 72
     1
331
4DD
 73
     2
 91
        0
 40
1.0
 10
13727.11495851909
 20
1734.782211841011
 30
0.0
 75
     0
  0
DIMASSOC
  5
9AD
102
{ACAD_REACTORS
330
9A3
102
}
330
9A3
100
AcDbDimAssoc
330
996
 90
        3
 70
     0
 71
     0
  1
AcDbOsnapPointRef
 72
     1
331
995
 73
     2
 91
        0
 40
1.0
 10
4227.114958519087
 20
3234.782211841011
 30
0.0
 75
     0
  1
AcDbOsnapPointRef
 72
    13
331
410
 73
     2
 91
        0
 40
0.0
 10
227.1149585190869
 20
234.7822118410113
 30
0.0
 75
     0
  0
DIMASSOC
  5
9C5
102
{ACAD_REACTORS
330
9BB
102
}
330
9BB
100
AcDbDimAssoc
330
9AE
 90
        3
 70
     0
 71
     0
  1
AcDbOsnapPointRef
 72
     1
331
995
 73
     2
 91
        0
 40
1.0
 10
4227.114958519087
 20
3234.782211841011
 30
0.0
 75
     0
  1
AcDbOsnapPointRef
 72
    13
331
410
 73
     2
 91
        0
 40
0.0
 10
227.1149585190869
 20
234.7822118410113
 30
0.0
 75
     0
  0
ACDBDETAILVIEWSTYLE
  5
21C
102
{ACAD_XDICTIONARY
360
9DA
102
}
102
{ACAD_REACTORS
330
21B
102
}
330
21B
100
AcDbModelDocViewStyle
 70
     0
  3
Metric50
290
     0
100
AcDbDetailViewStyle
 70
     0
 71
     0
 90
        3
 71
     1
340
11
 62
   256
 40
5.0
340
0
 62
   256
 40
5.0
300

 40
0.0
280
     1
 71
     2
340
16
 90
       25
 62
   256
 71
     3
340
11
 62
   256
 40
5.0
 90
        0
 40
15.0
 90
        1
300
%<\AcVar ViewDetailId>% (%<\AcVar ViewScale \f "%sn">%)
 71
     4
340
16
 90
       25
 62
   256
340
16
 90
       25
 62
   256
280
     0
  0
LAYOUT
  5
22
102
{ACAD_XDICTIONARY
360
205
102
}
102
{ACAD_REACTORS
330
1A
102
}
330
1A
100
AcDbPlotSettings
  1

  2
none_device
  4
ISO_A4_(210.00_x_297.00_MM)
  6

 40
7.5
 41
20.0
 42
7.5
 43
20.0
 44
210.0
 45
297.0
 46
11.54999923706054
 47
-13.65000009536743
 48
0.0
 49
0.0
140
0.0
141
0.0
142
1.0
143
8.704084754739808
 70
 11952
 72
     1
 73
     0
 74
     0
  7

 75
     0
147
0.1148885871608098
 76
     0
 77
     2
 78
   300
148
0.0
149
0.0
100
AcDbLayout
  1
Model
 70
     1
 71
     0
 10
0.0
 20
0.0
 11
12.0
 21
9.0
 12
0.0
 22
0.0
 32
0.0
 14
0.0
 24
0.0
 34
0.0
 15
0.0
 25
0.0
 35
0.0
146
0.0
 13
0.0
 23
0.0
 33
0.0
 16
1.0
 26
0.0
 36
0.0
 17
0.0
 27
1.0
 37
0.0
 76
     0
330
1F
331
EA
1001
ACAD_PSEXT
1000
None
1000
None
1000
Not applicable
1000
The layout will not be plotted unless a new plotter configuration name is selected.
1070
     0
  0
LAYOUT
  5
D3
102
{ACAD_REACTORS
330
1A
102
}
330
1A
100
AcDbPlotSettings
  1

  2
C:\Documents and Settings\basas\Application Data\Autodesk\AutoCAD 2005\R16.1\enu\plotters\Default Windows System Printer.pc3
  4

  6

 40
0.0
 41
0.0
 42
0.0
 43
0.0
 44
0.0
 45
0.0
 46
0.0
 47
0.0
 48
0.0
 49
0.0
140
0.0
141
0.0
142
1.0
143
1.0
 70
   688
 72
     0
 73
     0
 74
     5
  7

 75
    16
147
1.0
 76
     0
 77
     2
 78
   300
148
0.0
149
0.0
100
AcDbLayout
  1
布局1
 70
     1
 71
     1
 10
0.0
 20
0.0
 11
12.0
 21
9.0
 12
0.0
 22
0.0
 32
0.0
 14
0.0
 24
0.0
 34
0.0
 15
0.0
 25
0.0
 35
0.0
146
0.0
 13
0.0
 23
0.0
 33
0.0
 16
1.0
 26
0.0
 36
0.0
 17
0.0
 27
1.0
 37
0.0
 76
     0
330
D2
  0
LAYOUT
  5
D7
102
{ACAD_REACTORS
330
1A
102
}
330
1A
100
AcDbPlotSettings
  1

  2
C:\Documents and Settings\basas\Application Data\Autodesk\AutoCAD 2005\R16.1\enu\plotters\Default Windows System Printer.pc3
  4

  6

 40
0.0
 41
0.0
 42
0.0
 43
0.0
 44
0.0
 45
0.0
 46
0.0
 47
0.0
 48
0.0
 49
0.0
140
0.0
141
0.0
142
1.0
143
1.0
 70
   688
 72
     0
 73
     0
 74
     5
  7

 75
    16
147
1.0
 76
     0
 77
     2
 78
   300
148
0.0
149
0.0
100
AcDbLayout
  1
布局2
 70
     1
 71
     2
 10
0.0
 20
0.0
 11
12.0
 21
9.0
 12
0.0
 22
0.0
 32
0.0
 14
0.0
 24
0.0
 34
0.0
 15
0.0
 25
0.0
 35
0.0
146
0.0
 13
0.0
 23
0.0
 33
0.0
 16
1.0
 26
0.0
 36
0.0
 17
0.0
 27
1.0
 37
0.0
 76
     0
330
D6
  0
MATERIAL
  5
ED
102
{ACAD_XDICTIONARY
360
1F9
102
}
102
{ACAD_REACTORS
330
6A
102
}
330
6A
100
AcDbMaterial
  1
ByBlock
 94
       63
  0
MATERIAL
  5
EC
102
{ACAD_XDICTIONARY
360
1F7
102
}
102
{ACAD_REACTORS
330
6A
102
}
330
6A
100
AcDbMaterial
  1
ByLayer
 94
       63
  0
MATERIAL
  5
EE
102
{ACAD_XDICTIONARY
360
173
102
}
102
{ACAD_REACTORS
330
6A
102
}
330
6A
100
AcDbMaterial
  1
Global
 43
0.0007999999797903
 43
0.0
 43
0.0
 43
0.0
 43
0.0
 43
0.0007999999797903
 43
0.0
 43
0.0
 43
0.0
 43
0.0
 43
1.0
 43
0.0
 43
0.0
 43
0.0
 43
0.0
 43
1.0
 49
0.0007999999797903
 49
0.0
 49
0.0
 49
0.0
 49
0.0
 49
0.0007999999797903
 49
0.0
 49
0.0
 49
0.0
 49
0.0
 49
1.0
 49
0.0
 49
0.0
 49
0.0
 49
0.0
 49
1.0
142
0.0007999999797903
142
0.0
142
0.0
142
0.0
142
0.0
142
0.0007999999797903
142
0.0
142
0.0
142
0.0
142
0.0
142
1.0
142
0.0
142
0.0
142
0.0
142
0.0
142
1.0
144
0.0007999999797903
144
0.0
144
0.0
144
0.0
144
0.0
144
0.0007999999797903
144
0.0
144
0.0
144
0.0
144
0.0
144
1.0
144
0.0
144
0.0
144
0.0
144
0.0
144
1.0
 94
       63
1001
ACAD
1070
    -1
1070
     3
1070
     0
1000

1071
        0
1070
     0
  0
MLEADERSTYLE
  5
13B
102
{ACAD_REACTORS
330
12D
102
}
330
12D
100
AcDbMLeaderStyle
179
     2
170
     2
171
     1
172
     0
 90
        2
 40
0.0
 41
0.0
173
     1
 91
-1056964608
340
14
 92
       -2
290
     1
 42
2.0
291
     1
 43
8.0
  3
Standard
 44
4.0
300

342
11
174
     1
178
     1
175
     1
176
     0
 93
-1056964608
 45
4.0
292
     0
297
     0
 46
4.0
 94
-1056964608
 47
1.0
 49
1.0
140
1.0
293
     1
141
0.0
294
     1
177
     0
142
1.0
295
     0
296
     1
143
3.75
271
     0
272
     9
273
     9
298
     0
  0
MLEADERSTYLE
  5
12E
102
{ACAD_REACTORS
330
12D
102
}
330
12D
100
AcDbMLeaderStyle
179
     2
170
     2
171
     1
172
     0
 90
        2
 40
0.0
 41
0.0
173
     1
 91
-1056964608
340
14
 92
       -2
290
     1
 42
2.0
291
     1
 43
8.0
  3
Standard
 44
4.0
300

342
11
174
     1
178
     1
175
     1
176
     0
 93
-1056964608
 45
4.0
292
     0
297
     0
 46
4.0
 94
-1056964608
 47
1.0
 49
1.0
140
1.0
293
     1
141
0.0
294
     1
177
     0
142
1.0
295
     0
296
     0
143
3.75
271
     0
272
     9
273
     9
298
     0
  0
MLINESTYLE
  5
18
102
{ACAD_REACTORS
330
17
102
}
330
17
100
AcDbMlineStyle
  2
STANDARD
 70
     0
  3

 62
   256
 51
90.0
 52
90.0
 71
     2
 49
0.5
 62
   256
  6
BYLAYER
 49
-0.5
 62
   256
  6
BYLAYER
  0
ACDBPLACEHOLDER
  5
F
102
{ACAD_REACTORS
330
E
102
}
330
E
  0
SCALE
  5
10D
102
{ACAD_REACTORS
330
10C
102
}
330
10C
100
AcDbScale
 70
     0
300
1:1
140
1.0
141
1.0
290
     1
  0
SCALE
  5
1BE
102
{ACAD_REACTORS
330
10C
102
}
330
10C
100
AcDbScale
 70
     0
300
1:2
140
1.0
141
2.0
290
     0
  0
SCALE
  5
1BF
102
{ACAD_REACTORS
330
10C
102
}
330
10C
100
AcDbScale
 70
     0
300
1:4
140
1.0
141
4.0
290
     0
  0
SCALE
  5
1C0
102
{ACAD_REACTORS
330
10C
102
}
330
10C
100
AcDbScale
 70
     0
300
1:5
140
1.0
141
5.0
290
     0
  0
SCALE
  5
1C1
102
{ACAD_REACTORS
330
10C
102
}
330
10C
100
AcDbScale
 70
     0
300
1:8
140
1.0
141
8.0
290
     0
  0
SCALE
  5
1C2
102
{ACAD_REACTORS
330
10C
102
}
330
10C
100
AcDbScale
 70
     0
300
1:10
140
1.0
141
10.0
290
     0
  0
SCALE
  5
1C3
102
{ACAD_REACTORS
330
10C
102
}
330
10C
100
AcDbScale
 70
     0
300
1:16
140
1.0
141
16.0
290
     0
  0
SCALE
  5
1C4
102
{ACAD_REACTORS
330
10C
102
}
330
10C
100
AcDbScale
 70
     0
300
1:20
140
1.0
141
20.0
290
     0
  0
SCALE
  5
1C5
102
{ACAD_REACTORS
330
10C
102
}
330
10C
100
AcDbScale
 70
     0
300
1:30
140
1.0
141
30.0
290
     0
  0
SCALE
  5
1C6
102
{ACAD_REACTORS
330
10C
102
}
330
10C
100
AcDbScale
 70
     0
300
1:40
140
1.0
141
40.0
290
     0
  0
SCALE
  5
1C7
102
{ACAD_REACTORS
330
10C
102
}
330
10C
100
AcDbScale
 70
     0
300
1:50
140
1.0
141
50.0
290
     0
  0
SCALE
  5
1C8
102
{ACAD_REACTORS
330
10C
102
}
330
10C
100
AcDbScale
 70
     0
300
1:100
140
1.0
141
100.0
290
     0
  0
SCALE
  5
1C9
102
{ACAD_REACTORS
330
10C
102
}
330
10C
100
AcDbScale
 70
     0
300
2:1
140
2.0
141
1.0
290
     0
  0
SCALE
  5
1CA
102
{ACAD_REACTORS
330
10C
102
}
330
10C
100
AcDbScale
 70
     0
300
4:1
140
4.0
141
1.0
290
     0
  0
SCALE
  5
1CB
102
{ACAD_REACTORS
330
10C
102
}
330
10C
100
AcDbScale
 70
     0
300
8:1
140
8.0
141
1.0
290
     0
  0
SCALE
  5
1CC
102
{ACAD_REACTORS
330
10C
102
}
330
10C
100
AcDbScale
 70
     0
300
10:1
140
10.0
141
1.0
290
     0
  0
SCALE
  5
1CD
102
{ACAD_REACTORS
330
10C
102
}
330
10C
100
AcDbScale
 70
     0
300
100:1
140
100.0
141
1.0
290
     0
  0
ACDBSECTIONVIEWSTYLE
  5
21A
102
{ACAD_XDICTIONARY
360
9D8
102
}
102
{ACAD_REACTORS
330
219
102
}
330
219
100
AcDbModelDocViewStyle
 70
     0
  3
Metric50
290
     0
100
AcDbSectionViewStyle
 70
     0
 71
     0
 90
      102
 71
     1
340
11
 62
   256
 40
5.0
340
0
340
0
 62
   256
 40
5.0
300
I, O, Q, S, X, Z
 40
10.0
 90
        0
 40
2.5
 90
        0
 71
     2
340
16
 90
       25
 62
   256
340
16
 90
       50
 62
   256
 40
5.0
 40
2.5
 40
5.0
 71
     3
340
11
 62
   256
 40
5.0
 90
        0
 40
15.0
 90
        1
300
%<\AcVar ViewSectionStartId>%-%<\AcVar ViewSectionEndId>% (%<\AcVar ViewScale \f "%sn">%)
 71
     4
 62
   256
 62
   257
300
ANSI31
 40
1.0
 90
        0
290
     0
290
     0
 90
        6
 40
0.0
 40
1.570796326794896
 40
0.2617993877991494
 40
1.308996938995747
 40
-0.2617993877991494
 40
1.832595714594046
  0
TABLESTYLE
  5
7F
102
{ACAD_XDICTIONARY
360
162
102
}
102
{ACAD_REACTORS
330
7E
102
}
330
7E
100
AcDbTableStyle
280
     0
  3
Standard
 70
     0
 71
     0
 40
1.5
 41
1.5
280
     0
281
     0
  7
Standard
140
4.5
170
     2
 62
     0
 63
     7
283
     0
 90
      512
 91
        0
  1

274
    -2
284
     1
 64
     0
275
    -2
285
     1
 65
     0
276
    -2
286
     1
 66
     0
277
    -2
287
     1
 67
     0
278
    -2
288
     1
 68
     0
279
    -2
289
     1
 69
     0
  7
Standard
140
6.0
170
     5
 62
     0
 63
     7
283
     0
 90
      512
 91
        0
  1

274
    -2
284
     1
 64
     0
275
    -2
285
     1
 65
     0
276
    -2
286
     1
 66
     0
277
    -2
287
     1
 67
     0
278
    -2
288
     1
 68
     0
279
    -2
289
     1
 69
     0
  7
Standard
140
4.5
170
     5
 62
     0
 63
     7
283
     0
 90
      512
 91
        0
  1

274
    -2
284
     1
 64
     0
275
    -2
285
     1
 65
     0
276
    -2
286
     1
 66
     0
277
    -2
287
     1
 67
     0
278
    -2
288
     1
 68
     0
279
    -2
289
     1
 69
     0
  0
VISUALSTYLE
  5
F5
102
{ACAD_REACTORS
330
EF
102
}
330
EF
100
AcDbVisualStyle
  2
2dWireframe
 70
     4
177
     3
291
     0
 70
    58
 90
        0
176
     1
 90
        2
176
     1
 90
        1
176
     1
 90
        0
176
     1
 40
0.6
176
     1
 40
30.0
176
     1
 62
     7
420
 16777215
176
     1
 90
        1
176
     1
 90
        4
176
     1
 62
     7
176
     1
 62
   257
176
     1
 90
        1
176
     1
 90
        1
176
     1
 40
1.0
176
     1
 90
        0
176
     1
 62
   257
176
     1
 40
1.0
176
     1
 90
        1
176
     1
 90
        6
176
     1
 90
        2
176
     1
 62
     7
176
     1
 90
        5
176
     1
 90
        0
176
     1
 90
        0
176
     1
290
     0
176
     1
 90
        1
176
     1
 40
0.0
176
     1
 90
        0
176
     1
290
     1
176
     1
290
     1
176
     1
290
     0
176
     1
290
     0
176
     1
290
     0
176
     1
290
     0
176
     1
290
     0
176
     1
290
     0
176
     1
290
     0
176
     1
 90
       50
176
     1
 40
0.0
176
     1
 40
1.0
176
     1
 90
        0
176
     1
 62
    18
420
        0
176
     1
 90
       50
176
     1
 90
        3
176
     1
 62
     5
420
      255
176
     1
290
     0
176
     1
 90
       50
176
     1
 90
       50
176
     1
 90
       50
176
     1
290
     0
176
     1
 90
       50
176
     1
 62
   256
176
     0
 40
1.0
176
     0
 90
        2
176
     1
  1
strokes_ogs.tif
176
     1
290
     0
176
     1
 40
1.0
176
     1
 40
1.0
176
     1
1001
ACAD
1000
AcDbSavedByObjectVersion
1070
     0
  0
VISUALSTYLE
  5
F4
102
{ACAD_REACTORS
330
EF
102
}
330
EF
100
AcDbVisualStyle
  2
Basic
 70
     7
177
     3
291
     1
 70
    58
 90
        1
176
     1
 90
        0
176
     1
 90
        1
176
     1
 90
        0
176
     1
 40
0.6
176
     1
 40
30.0
176
     1
 62
     7
420
 16777215
176
     1
 90
        0
176
     1
 90
        4
176
     1
 62
     7
176
     1
 62
   257
176
     1
 90
        1
176
     1
 90
        1
176
     1
 40
1.0
176
     1
 90
        8
176
     1
 62
     7
176
     1
 40
1.0
176
     1
 90
        1
176
     1
 90
        6
176
     1
 90
        2
176
     1
 62
     7
176
     1
 90
        5
176
     1
 90
        0
176
     1
 90
        0
176
     1
290
     0
176
     1
 90
        1
176
     1
 40
0.0
176
     1
 90
        0
176
     1
290
     0
176
     1
290
     1
176
     1
290
     1
176
     1
290
     0
176
     1
290
     0
176
     1
290
     0
176
     1
290
     0
176
     1
290
     0
176
     1
290
     0
176
     1
 90
       50
176
     1
 40
0.0
176
     1
 40
1.0
176
     1
 90
        0
176
     1
 62
    18
420
        0
176
     1
 90
       50
176
     1
 90
        3
176
     1
 62
     5
420
      255
176
     1
290
     0
176
     1
 90
       50
176
     1
 90
       50
176
     1
 90
       50
176
     1
290
     0
176
     1
 90
       50
176
     1
 62
   256
176
     0
 40
1.0
176
     0
 90
        2
176
     1
  1
strokes_ogs.tif
176
     1
290
     0
176
     1
 40
1.0
176
     1
 40
1.0
176
     1
1001
ACAD
1000
AcDbSavedByObjectVersion
1070
     0
  0
VISUALSTYLE
  5
FB
102
{ACAD_REACTORS
330
EF
102
}
330
EF
100
AcDbVisualStyle
  2
Brighten
 70
    12
177
     3
291
     1
 70
    58
 90
        2
176
     1
 90
        2
176
     1
 90
        1
176
     1
 90
        0
176
     1
 40
0.6
176
     1
 40
30.0
176
     1
 62
     7
420
 16777215
176
     1
 90
        1
176
     1
 90
        4
176
     1
 62
     7
176
     1
 62
   257
176
     1
 90
        1
176
     1
 90
        1
176
     1
 40
1.0
176
     1
 90
        8
176
     1
 62
     7
176
     1
 40
1.0
176
     1
 90
        1
176
     1
 90
        6
176
     1
 90
        2
176
     1
 62
     7
176
     1
 90
        5
176
     1
 90
        0
176
     1
 90
        0
176
     1
290
     0
176
     1
 90
        1
176
     1
 40
50.0
176
     1
 90
        0
176
     1
290
     0
176
     1
290
     1
176
     1
290
     1
176
     1
290
     0
176
     1
290
     0
176
     1
290
     0
176
     1
290
     0
176
     1
290
     0
176
     1
290
     0
176
     1
 90
       50
176
     1
 40
0.0
176
     1
 40
1.0
176
     1
 90
        0
176
     1
 62
    18
420
        0
176
     1
 90
       50
176
     1
 90
        3
176
     1
 62
     5
420
      255
176
     1
290
     0
176
     1
 90
       50
176
     1
 90
       50
176
     1
 90
       50
176
     1
290
     0
176
     1
 90
       50
176
     1
 62
   256
176
     0
 40
1.0
176
     0
 90
        2
176
     1
  1
strokes_ogs.tif
176
     1
290
     0
176
     1
 40
1.0
176
     1
 40
1.0
176
     1
1001
ACAD
1000
AcDbSavedByObjectVersion
1070
     0
  0
VISUALSTYLE
  5
FF
102
{ACAD_REACTORS
330
EF
102
}
330
EF
100
AcDbVisualStyle
  2
ColorChange
 70
    16
177
     3
291
     1
 70
    58
 90
        2
176
     1
 90
        2
176
     1
 90
        3
176
     1
 90
        0
176
     1
 40
0.6
176
     1
 40
30.0
176
     1
 62
     8
420
  8421504
176
     1
 90
        1
176
     1
 90
        4
176
     1
 62
     7
176
     1
 62
   257
176
     1
 90
        1
176
     1
 90
        1
176
     1
 40
1.0
176
     1
 90
        8
176
     1
 62
     8
420
  8421504
176
     1
 40
1.0
176
     1
 90
        1
176
     1
 90
        6
176
     1
 90
        2
176
     1
 62
     7
176
     1
 90
        5
176
     1
 90
        0
176
     1
 90
        0
176
     1
290
     0
176
     1
 90
        1
176
     1
 40
0.0
176
     1
 90
        0
176
     1
290
     0
176
     1
290
     1
176
     1
290
     1
176
     1
290
     0
176
     1
290
     0
176
     1
290
     0
176
     1
290
     0
176
     1
290
     0
176
     1
290
     0
176
     1
 90
       50
176
     1
 40
0.0
176
     1
 40
1.0
176
     1
 90
        0
176
     1
 62
    18
420
        0
176
     1
 90
       50
176
     1
 90
        3
176
     1
 62
     5
420
      255
176
     1
290
     0
176
     1
 90
       50
176
     1
 90
       50
176
     1
 90
       50
176
     1
290
     0
176
     1
 90
       50
176
     1
 62
   256
176
     0
 40
1.0
176
     0
 90
        2
176
     1
  1
strokes_ogs.tif
176
     1
290
     0
176
     1
 40
1.0
176
     1
 40
1.0
176
     1
1001
ACAD
1000
AcDbSavedByObjectVersion
1070
     0
  0
VISUALSTYLE
  5
F8
102
{ACAD_REACTORS
330
EF
102
}
330
EF
100
AcDbVisualStyle
  2
Conceptual
 70
     9
177
     3
291
     0
 70
    58
 90
        3
176
     1
 90
        2
176
     1
 90
        1
176
     1
 90
        0
176
     1
 40
0.6
176
     1
 40
30.0
176
     1
 62
     7
420
 16777215
176
     1
 90
        2
176
     1
 90
        2
176
     1
 62
     7
176
     1
 62
   257
176
     1
 90
        1
176
     1
 90
        1
176
     1
 40
40.0
176
     1
 90
        8
176
     1
 62
     7
176
     1
 40
1.0
176
     1
 90
        1
176
     1
 90
        6
176
     1
 90
        2
176
     1
 62
     7
176
     1
 90
        3
176
     1
 90
        0
176
     1
 90
        0
176
     1
290
     0
176
     1
 90
        1
176
     1
 40
0.0
176
     1
 90
        0
176
     1
290
     0
176
     1
290
     1
176
     1
290
     1
176
     1
290
     0
176
     1
290
     0
176
     1
290
     0
176
     1
290
     0
176
     1
290
     0
176
     1
290
     0
176
     1
 90
       50
176
     1
 40
0.0
176
     1
 40
1.0
176
     1
 90
        0
176
     1
 62
    18
420
        0
176
     1
 90
       50
176
     1
 90
        3
176
     1
 62
     5
420
      255
176
     1
290
     0
176
     1
 90
       50
176
     1
 90
       50
176
     1
 90
       50
176
     1
290
     0
176
     1
 90
       50
176
     1
 62
   256
176
     0
 40
1.0
176
     0
 90
        2
176
     1
  1
strokes_ogs.tif
176
     1
290
     0
176
     1
 40
1.0
176
     1
 40
1.0
176
     1
1001
ACAD
1000
AcDbSavedByObjectVersion
1070
     0
  0
VISUALSTYLE
  5
FA
102
{ACAD_REACTORS
330
EF
102
}
330
EF
100
AcDbVisualStyle
  2
Dim
 70
    11
177
     3
291
     1
 70
    58
 90
        2
176
     1
 90
        2
176
     1
 90
        1
176
     1
 90
        0
176
     1
 40
0.6
176
     1
 40
30.0
176
     1
 62
     7
420
 16777215
176
     1
 90
        1
176
     1
 90
        4
176
     1
 62
     7
176
     1
 62
   257
176
     1
 90
        1
176
     1
 90
        1
176
     1
 40
1.0
176
     1
 90
        8
176
     1
 62
     7
176
     1
 40
1.0
176
     1
 90
        1
176
     1
 90
        6
176
     1
 90
        2
176
     1
 62
     7
176
     1
 90
        5
176
     1
 90
        0
176
     1
 90
        0
176
     1
290
     0
176
     1
 90
        1
176
     1
 40
-50.0
176
     1
 90
        0
176
     1
290
     0
176
     1
290
     1
176
     1
290
     1
176
     1
290
     0
176
     1
290
     0
176
     1
290
     0
176
     1
290
     0
176
     1
290
     0
176
     1
290
     0
176
     1
 90
       50
176
     1
 40
0.0
176
     1
 40
1.0
176
     1
 90
        0
176
     1
 62
    18
420
        0
176
     1
 90
       50
176
     1
 90
        3
176
     1
 62
     5
420
      255
176
     1
290
     0
176
     1
 90
       50
176
     1
 90
       50
176
     1
 90
       50
176
     1
290
     0
176
     1
 90
       50
176
     1
 62
   256
176
     0
 40
1.0
176
     0
 90
        2
176
     1
  1
strokes_ogs.tif
176
     1
290
     0
176
     1
 40
1.0
176
     1
 40
1.0
176
     1
1001
ACAD
1000
AcDbSavedByObjectVersion
1070
     0
  0
VISUALSTYLE
  5
1E6
102
{ACAD_REACTORS
330
EF
102
}
330
EF
100
AcDbVisualStyle
  2
EdgeColorOff
 70
    22
177
     3
291
     1
 70
    58
 90
        2
176
     0
 90
        2
176
     0
 90
        0
176
     0
 90
        0
176
     0
 40
0.6
176
     0
 40
30.0
176
     0
 62
     7
420
 16777215
176
     0
 90
        1
176
     0
 90
        4
176
     0
 62
     7
176
     0
 62
   257
176
     0
 90
        1
176
     0
 90
        1
176
     0
 40
1.0
176
     0
 90
        8
176
     2
 62
     7
176
     0
 40
1.0
176
     0
 90
        1
176
     0
 90
        6
176
     0
 90
        2
176
     0
 62
     7
176
     0
 90
        5
176
     0
 90
        0
176
     0
 90
        0
176
     0
290
     0
176
     0
 90
        1
176
     0
 40
0.0
176
     0
 90
        0
176
     0
290
     0
176
     1
290
     1
176
     1
290
     1
176
     1
290
     0
176
     1
290
     0
176
     1
290
     0
176
     1
290
     0
176
     1
290
     0
176
     1
290
     0
176
     1
 90
       50
176
     1
 40
0.0
176
     1
 40
1.0
176
     1
 90
        0
176
     1
 62
    18
420
        0
176
     1
 90
       50
176
     1
 90
        3
176
     1
 62
     5
420
      255
176
     1
290
     0
176
     1
 90
       50
176
     1
 90
       50
176
     1
 90
       50
176
     1
290
     0
176
     1
 90
       50
176
     1
 62
   256
176
     0
 40
1.0
176
     0
 90
        2
176
     1
  1
strokes_ogs.tif
176
     1
290
     0
176
     1
 40
1.0
176
     1
 40
1.0
176
     1
1001
ACAD
1000
AcDbSavedByObjectVersion
1070
     0
  0
VISUALSTYLE
  5
FE
102
{ACAD_REACTORS
330
EF
102
}
330
EF
100
AcDbVisualStyle
  2
Facepattern
 70
    15
177
     3
291
     1
 70
    58
 90
        2
176
     1
 90
        2
176
     1
 90
        1
176
     1
 90
        0
176
     1
 40
0.6
176
     1
 40
30.0
176
     1
 62
     7
420
 16777215
176
     1
 90
        1
176
     1
 90
        4
176
     1
 62
     7
176
     1
 62
   257
176
     1
 90
        1
176
     1
 90
        1
176
     1
 40
1.0
176
     1
 90
        8
176
     1
 62
     7
176
     1
 40
1.0
176
     1
 90
        1
176
     1
 90
        6
176
     1
 90
        2
176
     1
 62
     7
176
     1
 90
        5
176
     1
 90
        0
176
     1
 90
        0
176
     1
290
     0
176
     1
 90
        1
176
     1
 40
0.0
176
     1
 90
        0
176
     1
290
     0
176
     1
290
     1
176
     1
290
     1
176
     1
290
     0
176
     1
290
     0
176
     1
290
     0
176
     1
290
     0
176
     1
290
     0
176
     1
290
     0
176
     1
 90
       50
176
     1
 40
0.0
176
     1
 40
1.0
176
     1
 90
        0
176
     1
 62
    18
420
        0
176
     1
 90
       50
176
     1
 90
        3
176
     1
 62
     5
420
      255
176
     1
290
     0
176
     1
 90
       50
176
     1
 90
       50
176
     1
 90
       50
176
     1
290
     0
176
     1
 90
       50
176
     1
 62
   256
176
     0
 40
1.0
176
     0
 90
        2
176
     1
  1
strokes_ogs.tif
176
     1
290
     0
176
     1
 40
1.0
176
     1
 40
1.0
176
     1
1001
ACAD
1000
AcDbSavedByObjectVersion
1070
     0
  0
VISUALSTYLE
  5
F0
102
{ACAD_REACTORS
330
EF
102
}
330
EF
100
AcDbVisualStyle
  2
Flat
 70
     0
177
     3
291
     1
 70
    58
 90
        2
176
     1
 90
        1
176
     1
 90
        1
176
     1
 90
        2
176
     1
 40
0.6
176
     1
 40
30.0
176
     1
 62
     7
420
 16777215
176
     1
 90
        0
176
     1
 90
        0
176
     1
 62
     7
176
     1
 62
   257
176
     1
 90
        1
176
     1
 90
        1
176
     1
 40
1.0
176
     1
 90
        8
176
     1
 62
     7
176
     1
 40
1.0
176
     1
 90
        1
176
     1
 90
        6
176
     1
 90
        2
176
     1
 62
     7
176
     1
 90
        5
176
     1
 90
        0
176
     1
 90
        0
176
     1
290
     0
176
     1
 90
       13
176
     1
 40
0.0
176
     1
 90
        0
176
     1
290
     0
176
     1
290
     1
176
     1
290
     1
176
     1
290
     0
176
     1
290
     0
176
     1
290
     0
176
     1
290
     0
176
     1
290
     0
176
     1
290
     0
176
     1
 90
       50
176
     1
 40
0.0
176
     1
 40
1.0
176
     1
 90
        0
176
     1
 62
    18
420
        0
176
     1
 90
       50
176
     1
 90
        3
176
     1
 62
     5
420
      255
176
     1
290
     0
176
     1
 90
       50
176
     1
 90
       50
176
     1
 90
       50
176
     1
290
     0
176
     1
 90
       50
176
     1
 62
   256
176
     0
 40
1.0
176
     0
 90
        2
176
     1
  1
strokes_ogs.tif
176
     1
290
     0
176
     1
 40
1.0
176
     1
 40
1.0
176
     1
1001
ACAD
1000
AcDbSavedByObjectVersion
1070
     0
  0
VISUALSTYLE
  5
F1
102
{ACAD_REACTORS
330
EF
102
}
330
EF
100
AcDbVisualStyle
  2
FlatWithEdges
 70
     1
177
     3
291
     1
 70
    58
 90
        2
176
     1
 90
        1
176
     1
 90
        1
176
     1
 90
        2
176
     1
 40
0.6
176
     1
 40
30.0
176
     1
 62
     7
420
 16777215
176
     1
 90
        1
176
     1
 90
        0
176
     1
 62
     7
176
     1
 62
   257
176
     1
 90
        1
176
     1
 90
        1
176
     1
 40
1.0
176
     1
 90
        0
176
     1
 62
   257
176
     1
 40
1.0
176
     1
 90
        1
176
     1
 90
        6
176
     1
 90
        2
176
     1
 62
     7
176
     1
 90
        5
176
     1
 90
        0
176
     1
 90
        0
176
     1
290
     0
176
     1
 90
       13
176
     1
 40
0.0
176
     1
 90
        0
176
     1
290
     0
176
     1
290
     1
176
     1
290
     1
176
     1
290
     0
176
     1
290
     0
176
     1
290
     0
176
     1
290
     0
176
     1
290
     0
176
     1
290
     0
176
     1
 90
       50
176
     1
 40
0.0
176
     1
 40
1.0
176
     1
 90
        0
176
     1
 62
    18
420
        0
176
     1
 90
       50
176
     1
 90
        3
176
     1
 62
     5
420
      255
176
     1
290
     0
176
     1
 90
       50
176
     1
 90
       50
176
     1
 90
       50
176
     1
290
     0
176
     1
 90
       50
176
     1
 62
   256
176
     0
 40
1.0
176
     0
 90
        2
176
     1
  1
strokes_ogs.tif
176
     1
290
     0
176
     1
 40
1.0
176
     1
 40
1.0
176
     1
1001
ACAD
1000
AcDbSavedByObjectVersion
1070
     0
  0
VISUALSTYLE
  5
F2
102
{ACAD_REACTORS
330
EF
102
}
330
EF
100
AcDbVisualStyle
  2
Gouraud
 70
     2
177
     3
291
     1
 70
    58
 90
        2
176
     1
 90
        2
176
     1
 90
        1
176
     1
 90
        2
176
     1
 40
0.6
176
     1
 40
30.0
176
     1
 62
     7
420
 16777215
176
     1
 90
        0
176
     1
 90
        0
176
     1
 62
     7
176
     1
 62
   257
176
     1
 90
        1
176
     1
 90
        1
176
     1
 40
1.0
176
     1
 90
        0
176
     1
 62
     7
176
     1
 40
1.0
176
     1
 90
        1
176
     1
 90
        6
176
     1
 90
        2
176
     1
 62
     7
176
     1
 90
        5
176
     1
 90
        0
176
     1
 90
        0
176
     1
290
     0
176
     1
 90
       13
176
     1
 40
0.0
176
     1
 90
        0
176
     1
290
     0
176
     1
290
     1
176
     1
290
     1
176
     1
290
     0
176
     1
290
     0
176
     1
290
     0
176
     1
290
     0
176
     1
290
     0
176
     1
290
     0
176
     1
 90
       50
176
     1
 40
0.0
176
     1
 40
1.0
176
     1
 90
        0
176
     1
 62
    18
420
        0
176
     1
 90
       50
176
     1
 90
        3
176
     1
 62
     5
420
      255
176
     1
290
     0
176
     1
 90
       50
176
     1
 90
       50
176
     1
 90
       50
176
     1
290
     0
176
     1
 90
       50
176
     1
 62
   256
176
     0
 40
1.0
176
     0
 90
        2
176
     1
  1
strokes_ogs.tif
176
     1
290
     0
176
     1
 40
1.0
176
     1
 40
1.0
176
     1
1001
ACAD
1000
AcDbSavedByObjectVersion
1070
     0
  0
VISUALSTYLE
  5
F3
102
{ACAD_REACTORS
330
EF
102
}
330
EF
100
AcDbVisualStyle
  2
GouraudWithEdges
 70
     3
177
     3
291
     1
 70
    58
 90
        2
176
     1
 90
        2
176
     1
 90
        1
176
     1
 90
        2
176
     1
 40
0.6
176
     1
 40
30.0
176
     1
 62
     7
420
 16777215
176
     1
 90
        1
176
     1
 90
        0
176
     1
 62
     7
176
     1
 62
   257
176
     1
 90
        1
176
     1
 90
        1
176
     1
 40
1.0
176
     1
 90
        0
176
     1
 62
   257
176
     1
 40
1.0
176
     1
 90
        1
176
     1
 90
        6
176
     1
 90
        2
176
     1
 62
     7
176
     1
 90
        5
176
     1
 90
        0
176
     1
 90
        0
176
     1
290
     0
176
     1
 90
       13
176
     1
 40
0.0
176
     1
 90
        0
176
     1
290
     0
176
     1
290
     1
176
     1
290
     1
176
     1
290
     0
176
     1
290
     0
176
     1
290
     0
176
     1
290
     0
176
     1
290
     0
176
     1
290
     0
176
     1
 90
       50
176
     1
 40
0.0
176
     1
 40
1.0
176
     1
 90
        0
176
     1
 62
    18
420
        0
176
     1
 90
       50
176
     1
 90
        3
176
     1
 62
     5
420
      255
176
     1
290
     0
176
     1
 90
       50
176
     1
 90
       50
176
     1
 90
       50
176
     1
290
     0
176
     1
 90
       50
176
     1
 62
   256
176
     0
 40
1.0
176
     0
 90
        2
176
     1
  1
strokes_ogs.tif
176
     1
290
     0
176
     1
 40
1.0
176
     1
 40
1.0
176
     1
1001
ACAD
1000
AcDbSavedByObjectVersion
1070
     0
  0
VISUALSTYLE
  5
F7
102
{ACAD_REACTORS
330
EF
102
}
330
EF
100
AcDbVisualStyle
  2
Hidden
 70
     6
177
     3
291
     0
 70
    58
 90
        1
176
     1
 90
        2
176
     1
 90
        2
176
     1
 90
        0
176
     1
 40
0.6
176
     1
 40
30.0
176
     1
 62
     7
420
 16777215
176
     1
 90
        2
176
     1
 90
        2
176
     1
 62
     7
176
     1
 62
   257
176
     1
 90
        2
176
     1
 90
        1
176
     1
 40
40.0
176
     1
 90
        0
176
     1
 62
   257
176
     1
 40
1.0
176
     1
 90
        1
176
     1
 90
        6
176
     1
 90
        2
176
     1
 62
     7
176
     1
 90
        3
176
     1
 90
        0
176
     1
 90
        0
176
     1
290
     0
176
     1
 90
        1
176
     1
 40
0.0
176
     1
 90
        0
176
     1
290
     0
176
     1
290
     1
176
     1
290
     1
176
     1
290
     0
176
     1
290
     0
176
     1
290
     0
176
     1
290
     0
176
     1
290
     0
176
     1
290
     0
176
     1
 90
       50
176
     1
 40
0.0
176
     1
 40
1.0
176
     1
 90
        0
176
     1
 62
    18
420
        0
176
     1
 90
       50
176
     1
 90
        3
176
     1
 62
     5
420
      255
176
     1
290
     0
176
     1
 90
       50
176
     1
 90
       50
176
     1
 90
       50
176
     1
290
     0
176
     1
 90
       50
176
     1
 62
   256
176
     0
 40
1.0
176
     0
 90
        2
176
     1
  1
strokes_ogs.tif
176
     1
290
     0
176
     1
 40
1.0
176
     1
 40
1.0
176
     1
1001
ACAD
1000
AcDbSavedByObjectVersion
1070
     0
  0
VISUALSTYLE
  5
1E4
102
{ACAD_REACTORS
330
EF
102
}
330
EF
100
AcDbVisualStyle
  2
JitterOff
 70
    20
177
     3
291
     1
 70
    58
 90
        2
176
     0
 90
        2
176
     0
 90
        0
176
     0
 90
        0
176
     0
 40
0.6
176
     0
 40
30.0
176
     0
 62
     7
420
 16777215
176
     0
 90
        1
176
     0
 90
        4
176
     0
 62
     7
176
     0
 62
   257
176
     0
 90
        1
176
     0
 90
        1
176
     0
 40
1.0
176
     0
 90
       10
176
     2
 62
     7
176
     0
 40
1.0
176
     0
 90
        1
176
     0
 90
        6
176
     0
 90
        2
176
     0
 62
     7
176
     0
 90
        5
176
     0
 90
        0
176
     0
 90
        0
176
     0
290
     0
176
     0
 90
        1
176
     0
 40
0.0
176
     0
 90
        0
176
     0
290
     0
176
     1
290
     1
176
     1
290
     1
176
     1
290
     0
176
     1
290
     0
176
     1
290
     0
176
     1
290
     0
176
     1
290
     0
176
     1
290
     0
176
     1
 90
       50
176
     1
 40
0.0
176
     1
 40
1.0
176
     1
 90
        0
176
     1
 62
    18
420
        0
176
     1
 90
       50
176
     1
 90
        3
176
     1
 62
     5
420
      255
176
     1
290
     0
176
     1
 90
       50
176
     1
 90
       50
176
     1
 90
       50
176
     1
290
     0
176
     1
 90
       50
176
     1
 62
   256
176
     0
 40
1.0
176
     0
 90
        2
176
     1
  1
strokes_ogs.tif
176
     1
290
     0
176
     1
 40
1.0
176
     1
 40
1.0
176
     1
1001
ACAD
1000
AcDbSavedByObjectVersion
1070
     0
  0
VISUALSTYLE
  5
FD
102
{ACAD_REACTORS
330
EF
102
}
330
EF
100
AcDbVisualStyle
  2
Linepattern
 70
    14
177
     3
291
     1
 70
    58
 90
        2
176
     1
 90
        2
176
     1
 90
        1
176
     1
 90
        0
176
     1
 40
0.6
176
     1
 40
30.0
176
     1
 62
     7
420
 16777215
176
     1
 90
        1
176
     1
 90
        4
176
     1
 62
     7
176
     1
 62
   257
176
     1
 90
        7
176
     1
 90
        7
176
     1
 40
1.0
176
     1
 90
        8
176
     1
 62
     7
176
     1
 40
1.0
176
     1
 90
        1
176
     1
 90
        6
176
     1
 90
        2
176
     1
 62
     7
176
     1
 90
        5
176
     1
 90
        0
176
     1
 90
        0
176
     1
290
     0
176
     1
 90
        1
176
     1
 40
0.0
176
     1
 90
        0
176
     1
290
     0
176
     1
290
     1
176
     1
290
     1
176
     1
290
     0
176
     1
290
     0
176
     1
290
     0
176
     1
290
     0
176
     1
290
     0
176
     1
290
     0
176
     1
 90
       50
176
     1
 40
0.0
176
     1
 40
1.0
176
     1
 90
        0
176
     1
 62
    18
420
        0
176
     1
 90
       50
176
     1
 90
        3
176
     1
 62
     5
420
      255
176
     1
290
     0
176
     1
 90
       50
176
     1
 90
       50
176
     1
 90
       50
176
     1
290
     0
176
     1
 90
       50
176
     1
 62
   256
176
     0
 40
1.0
176
     0
 90
        2
176
     1
  1
strokes_ogs.tif
176
     1
290
     0
176
     1
 40
1.0
176
     1
 40
1.0
176
     1
1001
ACAD
1000
AcDbSavedByObjectVersion
1070
     0
  0
VISUALSTYLE
  5
1E5
102
{ACAD_REACTORS
330
EF
102
}
330
EF
100
AcDbVisualStyle
  2
OverhangOff
 70
    21
177
     3
291
     1
 70
    58
 90
        2
176
     0
 90
        2
176
     0
 90
        0
176
     0
 90
        0
176
     0
 40
0.6
176
     0
 40
30.0
176
     0
 62
     7
420
 16777215
176
     0
 90
        1
176
     0
 90
        4
176
     0
 62
     7
176
     0
 62
   257
176
     0
 90
        1
176
     0
 90
        1
176
     0
 40
1.0
176
     0
 90
        9
176
     2
 62
     7
176
     0
 40
1.0
176
     0
 90
        1
176
     0
 90
        6
176
     0
 90
        2
176
     0
 62
     7
176
     0
 90
        5
176
     0
 90
        0
176
     0
 90
        0
176
     0
290
     0
176
     0
 90
        1
176
     0
 40
0.0
176
     0
 90
        0
176
     0
290
     0
176
     1
290
     1
176
     1
290
     1
176
     1
290
     0
176
     1
290
     0
176
     1
290
     0
176
     1
290
     0
176
     1
290
     0
176
     1
290
     0
176
     1
 90
       50
176
     1
 40
0.0
176
     1
 40
1.0
176
     1
 90
        0
176
     1
 62
    18
420
        0
176
     1
 90
       50
176
     1
 90
        3
176
     1
 62
     5
420
      255
176
     1
290
     0
176
     1
 90
       50
176
     1
 90
       50
176
     1
 90
       50
176
     1
290
     0
176
     1
 90
       50
176
     1
 62
   256
176
     0
 40
1.0
176
     0
 90
        2
176
     1
  1
strokes_ogs.tif
176
     1
290
     0
176
     1
 40
1.0
176
     1
 40
1.0
176
     1
1001
ACAD
1000
AcDbSavedByObjectVersion
1070
     0
  0
VISUALSTYLE
  5
F9
102
{ACAD_REACTORS
330
EF
102
}
330
EF
100
AcDbVisualStyle
  2
Realistic
 70
     8
177
     3
291
     0
 70
    58
 90
        2
176
     1
 90
        3
176
     1
 90
        0
176
     1
 90
        2
176
     1
 40
0.6
176
     1
 40
30.0
176
     1
 62
     7
420
 16777215
176
     1
 90
        0
176
     1
 90
        0
176
     1
 62
     7
176
     1
 62
   257
176
     1
 90
        1
176
     1
 90
        1
176
     1
 40
1.0
176
     1
 90
        8
176
     1
 62
   257
176
     1
 40
1.0
176
     1
 90
        1
176
     1
 90
        6
176
     1
 90
        2
176
     1
 62
     7
176
     1
 90
        3
176
     1
 90
        0
176
     1
 90
        0
176
     1
290
     0
176
     1
 90
       13
176
     1
 40
0.0
176
     1
 90
        0
176
     1
290
     0
176
     1
290
     1
176
     1
290
     1
176
     1
290
     0
176
     1
290
     0
176
     1
290
     0
176
     1
290
     0
176
     1
290
     0
176
     1
290
     0
176
     1
 90
       50
176
     1
 40
0.0
176
     1
 40
1.0
176
     1
 90
        0
176
     1
 62
    18
420
        0
176
     1
 90
       50
176
     1
 90
        3
176
     1
 62
     5
420
      255
176
     1
290
     0
176
     1
 90
       50
176
     1
 90
       50
176
     1
 90
       50
176
     1
290
     0
176
     1
 90
       50
176
     1
 62
   256
176
     0
 40
1.0
176
     0
 90
        2
176
     1
  1
strokes_ogs.tif
176
     1
290
     0
176
     1
 40
1.0
176
     1
 40
1.0
176
     1
1001
ACAD
1000
AcDbSavedByObjectVersion
1070
     0
  0
VISUALSTYLE
  5
1F3
102
{ACAD_REACTORS
330
EF
102
}
330
EF
100
AcDbVisualStyle
  2
Shaded
 70
    27
177
     3
291
     0
 70
    58
 90
        2
176
     1
 90
        2
176
     1
 90
        1
176
     1
 90
        2
176
     1
 40
0.6
176
     1
 40
30.0
176
     1
 62
     7
420
 16777215
176
     1
 90
        0
176
     1
 90
        4
176
     1
 62
     7
176
     1
 62
   257
176
     1
 90
        1
176
     1
 90
        1
176
     1
 40
1.0
176
     1
 90
        8
176
     1
 62
   257
176
     1
 40
1.0
176
     1
 90
        1
176
     1
 90
        6
176
     1
 90
        2
176
     1
 62
     8
420
  7895160
176
     1
 90
        3
176
     1
 90
        0
176
     1
 90
        0
176
     1
290
     0
176
     1
 90
        5
176
     1
 40
0.0
176
     1
 90
        0
176
     1
290
     0
176
     1
290
     1
176
     1
290
     1
176
     1
290
     0
176
     1
290
     0
176
     1
290
     0
176
     1
290
     0
176
     1
290
     0
176
     1
290
     0
176
     1
 90
       50
176
     1
 40
0.0
176
     1
 40
1.0
176
     1
 90
        0
176
     1
 62
    18
420
        0
176
     1
 90
       50
176
     1
 90
        3
176
     1
 62
     5
420
      255
176
     1
290
     0
176
     1
 90
       50
176
     1
 90
       50
176
     1
 90
       50
176
     1
290
     0
176
     1
 90
       50
176
     1
 62
   256
176
     0
 40
1.0
176
     0
 90
        2
176
     1
  1
strokes_ogs.tif
176
     1
290
     0
176
     1
 40
1.0
176
     1
 40
1.0
176
     1
1001
ACAD
1000
AcDbSavedByObjectVersion
1070
     0
  0
VISUALSTYLE
  5
1F2
102
{ACAD_REACTORS
330
EF
102
}
330
EF
100
AcDbVisualStyle
  2
Shaded with edges
 70
    26
177
     3
291
     0
 70
    58
 90
        2
176
     1
 90
        2
176
     1
 90
        1
176
     1
 90
        2
176
     1
 40
0.6
176
     1
 40
30.0
176
     1
 62
     7
420
 16777215
176
     1
 90
        1
176
     1
 90
        2
176
     1
 62
     7
176
     1
 62
   257
176
     1
 90
        2
176
     1
 90
        1
176
     1
 40
1.0
176
     1
 90
        8
176
     1
 62
   257
176
     1
 40
1.0
176
     1
 90
        1
176
     1
 90
        6
176
     1
 90
        2
176
     1
 62
     7
176
     1
 90
        3
176
     1
 90
        0
176
     1
 90
        0
176
     1
290
     0
176
     1
 90
        5
176
     1
 40
0.0
176
     1
 90
        0
176
     1
290
     0
176
     1
290
     1
176
     1
290
     1
176
     1
290
     0
176
     1
290
     0
176
     1
290
     0
176
     1
290
     0
176
     1
290
     0
176
     1
290
     0
176
     1
 90
       50
176
     1
 40
0.0
176
     1
 40
1.0
176
     1
 90
        0
176
     1
 62
    18
420
        0
176
     1
 90
       50
176
     1
 90
        3
176
     1
 62
     5
420
      255
176
     1
290
     0
176
     1
 90
       50
176
     1
 90
       50
176
     1
 90
       50
176
     1
290
     0
176
     1
 90
       50
176
     1
 62
   256
176
     0
 40
1.0
176
     0
 90
        2
176
     1
  1
strokes_ogs.tif
176
     1
290
     0
176
     1
 40
1.0
176
     1
 40
1.0
176
     1
1001
ACAD
1000
AcDbSavedByObjectVersion
1070
     0
  0
VISUALSTYLE
  5
1EF
102
{ACAD_REACTORS
330
EF
102
}
330
EF
100
AcDbVisualStyle
  2
Shades of Gray
 70
    23
177
     3
291
     0
 70
    58
 90
        2
176
     1
 90
        2
176
     1
 90
        3
176
     1
 90
        0
176
     1
 40
0.6
176
     1
 40
30.0
176
     1
 62
     7
420
 16777215
176
     1
 90
        2
176
     1
 90
        2
176
     1
 62
     7
176
     1
 62
     7
176
     1
 90
        1
176
     1
 90
        1
176
     1
 40
40.0
176
     1
 90
        8
176
     1
 62
     7
176
     1
 40
1.0
176
     1
 90
        1
176
     1
 90
        6
176
     1
 90
        2
176
     1
 62
     7
176
     1
 90
        3
176
     1
 90
        0
176
     1
 90
        0
176
     1
290
     0
176
     1
 90
        1
176
     1
 40
0.0
176
     1
 90
        0
176
     1
290
     0
176
     1
290
     1
176
     1
290
     1
176
     1
290
     0
176
     1
290
     0
176
     1
290
     0
176
     1
290
     0
176
     1
290
     0
176
     1
290
     0
176
     1
 90
       50
176
     1
 40
0.0
176
     1
 40
1.0
176
     1
 90
        0
176
     1
 62
    18
420
        0
176
     1
 90
       50
176
     1
 90
        3
176
     1
 62
     5
420
      255
176
     1
290
     0
176
     1
 90
       50
176
     1
 90
       50
176
     1
 90
       50
176
     1
290
     0
176
     1
 90
       50
176
     1
 62
   256
176
     0
 40
1.0
176
     0
 90
        2
176
     1
  1
strokes_ogs.tif
176
     1
290
     0
176
     1
 40
1.0
176
     1
 40
1.0
176
     1
1001
ACAD
1000
AcDbSavedByObjectVersion
1070
     0
  0
VISUALSTYLE
  5
1F0
102
{ACAD_REACTORS
330
EF
102
}
330
EF
100
AcDbVisualStyle
  2
Sketchy
 70
    24
177
     3
291
     0
 70
    58
 90
        1
176
     1
 90
        2
176
     1
 90
        2
176
     1
 90
        0
176
     1
 40
0.6
176
     1
 40
30.0
176
     1
 62
     7
420
 16777215
176
     1
 90
        2
176
     1
 90
        2
176
     1
 62
     7
176
     1
 62
     7
176
     1
 90
        1
176
     1
 90
        1
176
     1
 40
40.0
176
     1
 90
       11
176
     1
 62
     7
176
     1
 40
1.0
176
     1
 90
        1
176
     1
 90
        6
176
     1
 90
        2
176
     1
 62
     7
176
     1
 90
        6
176
     1
 90
        0
176
     1
 90
        0
176
     1
290
     0
176
     1
 90
        1
176
     1
 40
0.0
176
     1
 90
        0
176
     1
290
     0
176
     1
290
     1
176
     1
290
     1
176
     1
290
     0
176
     1
290
     0
176
     1
290
     0
176
     1
290
     0
176
     1
290
     0
176
     1
290
     0
176
     1
 90
       50
176
     1
 40
0.0
176
     1
 40
1.0
176
     1
 90
        0
176
     1
 62
    18
420
        0
176
     1
 90
       50
176
     1
 90
        3
176
     1
 62
     5
420
      255
176
     1
290
     0
176
     1
 90
       50
176
     1
 90
       50
176
     1
 90
       50
176
     1
290
     0
176
     1
 90
       50
176
     1
 62
   256
176
     0
 40
1.0
176
     0
 90
        2
176
     1
  1
strokes_ogs.tif
176
     1
290
     0
176
     1
 40
1.0
176
     1
 40
1.0
176
     1
1001
ACAD
1000
AcDbSavedByObjectVersion
1070
     0
  0
VISUALSTYLE
  5
FC
102
{ACAD_REACTORS
330
EF
102
}
330
EF
100
AcDbVisualStyle
  2
Thicken
 70
    13
177
     3
291
     1
 70
    58
 90
        2
176
     1
 90
        2
176
     1
 90
        1
176
     1
 90
        0
176
     1
 40
0.6
176
     1
 40
30.0
176
     1
 62
     7
420
 16777215
176
     1
 90
        1
176
     1
 90
        4
176
     1
 62
     7
176
     1
 62
   257
176
     1
 90
        1
176
     1
 90
        1
176
     1
 40
1.0
176
     1
 90
       12
176
     1
 62
     7
176
     1
 40
1.0
176
     1
 90
        1
176
     1
 90
        6
176
     1
 90
        2
176
     1
 62
     7
176
     1
 90
        5
176
     1
 90
        0
176
     1
 90
        0
176
     1
290
     0
176
     1
 90
        1
176
     1
 40
0.0
176
     1
 90
        0
176
     1
290
     0
176
     1
290
     1
176
     1
290
     1
176
     1
290
     0
176
     1
290
     0
176
     1
290
     0
176
     1
290
     0
176
     1
290
     0
176
     1
290
     0
176
     1
 90
       50
176
     1
 40
0.0
176
     1
 40
1.0
176
     1
 90
        0
176
     1
 62
    18
420
        0
176
     1
 90
       50
176
     1
 90
        3
176
     1
 62
     5
420
      255
176
     1
290
     0
176
     1
 90
       50
176
     1
 90
       50
176
     1
 90
       50
176
     1
290
     0
176
     1
 90
       50
176
     1
 62
   256
176
     0
 40
1.0
176
     0
 90
        2
176
     1
  1
strokes_ogs.tif
176
     1
290
     0
176
     1
 40
1.0
176
     1
 40
1.0
176
     1
1001
ACAD
1000
AcDbSavedByObjectVersion
1070
     0
  0
VISUALSTYLE
  5
F6
102
{ACAD_REACTORS
330
EF
102
}
330
EF
100
AcDbVisualStyle
  2
Wireframe
 70
     5
177
     3
291
     0
 70
    58
 90
        0
176
     1
 90
        2
176
     1
 90
        0
176
     1
 90
        0
176
     1
 40
0.6
176
     1
 40
30.0
176
     1
 62
     7
420
 16777215
176
     1
 90
        1
176
     1
 90
        4
176
     1
 62
     7
176
     1
 62
   257
176
     1
 90
        1
176
     1
 90
        1
176
     1
 40
1.0
176
     1
 90
        0
176
     1
 62
   257
176
     1
 40
1.0
176
     1
 90
        1
176
     1
 90
        6
176
     1
 90
        2
176
     1
 62
     7
176
     1
 90
        3
176
     1
 90
        0
176
     1
 90
        0
176
     1
290
     0
176
     1
 90
        1
176
     1
 40
0.0
176
     1
 90
        0
176
     1
290
     0
176
     1
290
     1
176
     1
290
     1
176
     1
290
     0
176
     1
290
     0
176
     1
290
     0
176
     1
290
     0
176
     1
290
     0
176
     1
290
     0
176
     1
 90
       50
176
     1
 40
0.0
176
     1
 40
1.0
176
     1
 90
        0
176
     1
 62
    18
420
        0
176
     1
 90
       50
176
     1
 90
        3
176
     1
 62
     5
420
      255
176
     1
290
     0
176
     1
 90
       50
176
     1
 90
       50
176
     1
 90
       50
176
     1
290
     0
176
     1
 90
       50
176
     1
 62
   256
176
     0
 40
1.0
176
     0
 90
        2
176
     1
  1
strokes_ogs.tif
176
     1
290
     0
176
     1
 40
1.0
176
     1
 40
1.0
176
     1
1001
ACAD
1000
AcDbSavedByObjectVersion
1070
     0
  0
VISUALSTYLE
  5
1F1
102
{ACAD_REACTORS
330
EF
102
}
330
EF
100
AcDbVisualStyle
  2
X-Ray
 70
    25
177
     3
291
     0
 70
    58
 90
        2
176
     1
 90
        2
176
     1
 90
        1
176
     1
 90
        1
176
     1
 40
0.5
176
     1
 40
30.0
176
     1
 62
     7
420
 16777215
176
     1
 90
        1
176
     1
 90
        0
176
     1
 62
     7
176
     1
 62
   257
176
     1
 90
        1
176
     1
 90
        1
176
     1
 40
1.0
176
     1
 90
        8
176
     1
 62
     7
176
     1
 40
1.0
176
     1
 90
        1
176
     1
 90
        6
176
     1
 90
        2
176
     1
 62
     7
176
     1
 90
        3
176
     1
 90
        0
176
     1
 90
        0
176
     1
290
     0
176
     1
 90
       13
176
     1
 40
0.0
176
     1
 90
        0
176
     1
290
     0
176
     1
290
     1
176
     1
290
     1
176
     1
290
     0
176
     1
290
     0
176
     1
290
     0
176
     1
290
     0
176
     1
290
     0
176
     1
290
     0
176
     1
 90
       50
176
     1
 40
0.0
176
     1
 40
1.0
176
     1
 90
        0
176
     1
 62
    18
420
        0
176
     1
 90
       50
176
     1
 90
        3
176
     1
 62
     5
420
      255
176
     1
290
     0
176
     1
 90
       50
176
     1
 90
       50
176
     1
 90
       50
176
     1
290
     0
176
     1
 90
       50
176
     1
 62
   256
176
     0
 40
1.0
176
     0
 90
        2
176
     1
  1
strokes_ogs.tif
176
     1
290
     0
176
     1
 40
1.0
176
     1
 40
1.0
176
     1
1001
ACAD
1000
AcDbSavedByObjectVersion
1070
     0
  0
DICTIONARYVAR
  5
146
102
{ACAD_REACTORS
330
5E
102
}
330
5E
100
DictionaryVariables
280
     0
  1
1:1
  0
DICTIONARYVAR
  5
259
102
{ACAD_REACTORS
330
5E
102
}
330
5E
100
DictionaryVariables
280
     0
  1
3.500000
  0
DICTIONARYVAR
  5
25A
102
{ACAD_REACTORS
330
5E
102
}
330
5E
100
DictionaryVariables
280
     0
  1
acadiso.lin
  0
DICTIONARYVAR
  5
145
102
{ACAD_REACTORS
330
5E
102
}
330
5E
100
DictionaryVariables
280
     0
  1
STANDARD
  0
DICTIONARYVAR
  5
84
102
{ACAD_REACTORS
330
5E
102
}
330
5E
100
DictionaryVariables
280
     0
  1
STANDARD
  0
DICTIONARYVAR
  5
227
102
{ACAD_REACTORS
330
5E
102
}
330
5E
100
DictionaryVariables
280
     0
  1
Metric50
  0
DICTIONARYVAR
  5
228
102
{ACAD_REACTORS
330
5E
102
}
330
5E
100
DictionaryVariables
280
     0
  1
Metric50
  0
DICTIONARYVAR
  5
5F
102
{ACAD_REACTORS
330
5E
102
}
330
5E
100
DictionaryVariables
280
     0
  1
2
  0
DICTIONARYVAR
  5
63
102
{ACAD_REACTORS
330
5E
102
}
330
5E
100
DictionaryVariables
280
     0
  1
1
  0
DICTIONARYVAR
  5
66F
102
{ACAD_REACTORS
330
5E
102
}
330
5E
100
DictionaryVariables
280
     0
  1
RGB:255,255,255
  0
DICTIONARYVAR
  5
467
102
{ACAD_REACTORS
330
5E
102
}
330
5E
100
DictionaryVariables
280
     0
  1
RGB:242,103,34
  0
DICTIONARYVAR
  5
466
102
{ACAD_REACTORS
330
5E
102
}
330
5E
100
DictionaryVariables
280
     0
  1
ByLayer
  0
DICTIONARYVAR
  5
1AE
102
{ACAD_REACTORS
330
5E
102
}
330
5E
100
DictionaryVariables
280
     0
  1
0
  0
DICTIONARYVAR
  5
1AF
102
{ACAD_REACTORS
330
5E
102
}
330
5E
100
DictionaryVariables
280
     0
  1
0
  0
DICTIONARY
  5
9D7
102
{ACAD_REACTORS
330
9D5
102
}
330
9D5
100
AcDbDictionary
281
     1
  0
DICTIONARY
  5
9D6
102
{ACAD_REACTORS
330
9D5
102
}
330
9D5
100
AcDbDictionary
281
     1
  3
1745358138624
350
9D0
  3
1745358138640
350
9D1
  3
1745358138656
350
9D2
  3
1745358138672
350
9D3
  3
1745358138688
350
9D4
  0
DICTIONARY
  5
9DA
330
21C
100
AcDbDictionary
280
     1
281
     1
  3
ACAD_XREC_ROUNDTRIP
360
9DB
  0
DICTIONARY
  5
205
330
22
100
AcDbDictionary
280
     1
281
     1
  0
DICTIONARY
  5
1F9
330
ED
100
AcDbDictionary
280
     1
281
     1
  3
FBXASSET
360
1FA
  0
DICTIONARY
  5
1F7
330
EC
100
AcDbDictionary
280
     1
281
     1
  3
FBXASSET
360
1F8
  0
DICTIONARY
  5
173
330
EE
100
AcDbDictionary
280
     1
281
     1
  3
BUMPTILE
360
175
  3
DIFFUSETILE
360
174
  3
FBXASSET
360
1FB
  3
OPACITYTILE
360
176
  3
REFLECTIONTILE
360
177
  0
DICTIONARY
  5
9D8
330
21A
100
AcDbDictionary
280
     1
281
     1
  3
ACAD_XREC_ROUNDTRIP
360
9D9
  0
DICTIONARY
  5
162
330
7F
100
AcDbDictionary
280
     1
281
     1
  3
ACAD_ROUNDTRIP_2008_TABLESTYLE_CELLSTYLEMAP
360
9CE
  0
XRECORD
  5
9D0
102
{ACAD_REACTORS
330
9D6
102
}
330
9D6
100
AcDbXrecord
280
     1
  1
AcDb_Thumbnail_Schema
102
{ATTRRECORD
341
9D1
  2
AcDbDs::TreatedAsObjectData
280
     1
291
     1
102
ATTRRECORD}
102
{ATTRRECORD
341
9D2
  2
AcDbDs::Legacy
280
     1
291
     1
102
ATTRRECORD}
  2
AcDbDs::ID
280
    10
 91
        8
102
{ATTRRECORD
341
9D3
  2
AcDs:Indexable
280
     1
291
     1
102
ATTRRECORD}
102
{ATTRRECORD
341
9D4
  2
AcDbDs::HandleAttribute
280
     7
282
     1
102
ATTRRECORD}
  2
Thumbnail_Data
280
    15
 91
        0
  0
XRECORD
  5
9D1
102
{ACAD_REACTORS
330
9D6
102
}
330
9D6
100
AcDbXrecord
280
     1
  1
AcDbDs::TreatedAsObjectDataSchema
  2
AcDbDs::TreatedAsObjectData
280
     1
 91
        0
  0
XRECORD
  5
9D2
102
{ACAD_REACTORS
330
9D6
102
}
330
9D6
100
AcDbXrecord
280
     1
  1
AcDbDs::LegacySchema
  2
AcDbDs::Legacy
280
     1
 91
        0
  0
XRECORD
  5
9D3
102
{ACAD_REACTORS
330
9D6
102
}
330
9D6
100
AcDbXrecord
280
     1
  1
AcDbDs::IndexedPropertySchema
  2
AcDs:Indexable
280
     1
 91
        0
  0
XRECORD
  5
9D4
102
{ACAD_REACTORS
330
9D6
102
}
330
9D6
100
AcDbXrecord
280
     1
  1
AcDbDs::HandleAttributeSchema
  2
AcDbDs::HandleAttribute
280
     7
 91
        1
284
     1
  0
XRECORD
  5
9DB
102
{ACAD_REACTORS
330
9DA
102
}
330
9DA
100
AcDbXrecord
280
     1
102
DISPLAYNAME
  1
Metric50
102
FLAGS
 90
        0
  0
XRECORD
  5
1FA
102
{ACAD_REACTORS
330
1F9
102
}
330
1F9
100
AcDbXrecord
280
     1
 70
     1
 90
429727718
  1
D62C5603-E3A1-4AEA-B7FB-FE5D8D0755AF
310
504B03040A0000080000CC70623B3DEE336E79000000790000001B0000006175746F6465736B2D64657369676E2D7061636B6167652E786D6C3C3F786D6C2076657273696F6E3D22312E302220656E636F64696E673D227574662D3822203F3E3C666F726D6174733E3C666F726D61743E687474703A2F2F736368656D612E
310
6175746F6465736B2E636F6D2F64657369676E2D7061636B6167652F323030393C2F666F726D61743E3C2F666F726D6174733E504B0304140006080800CC70623BD486FD9CA0000000F4000000130000005B436F6E74656E745F54797065735D2E786D6C7D8EC10E82300C865F65E91D8A1E8C310C0EEA1BF002731658846E
310
D98AC1B77784ABF1D8FE5FBFBF75BBCE937A534CCEB38643598122B6FEE978D0B0485F9C41B54DDD7D022595594E1A469170414C76A4D9A4D207E29CF43ECE46F218070CC6BECC4078ACAA135ACF422C856C0E68EA1BF5669944DDD7BCDE7B1F8E415D77AECB980613C2E4AC91FC167A2B244592486606FC29C8FD7F045B9A
310
EF7053A7E60B504B0304140006080800CC70623B853B8169EB0000007C01000008000000636F72652E786D6C8D90416EC3201045AF62CDB6C206821CC7C244919D9CA01740401C94182C03558F5F9C3852BBEB6A467FFE9B197D7EFC9E1EC5975982F5AE035262288C535E5B377690E21535501C055FBC8FBF6C503839990E
310
5619041F179FE64D52DE45E362569DD7661365082642A11EB9E920A89B99642953CC8E702F67A9EE7234257977194EC9EAE275C4EABCCF5EAD5940D4AC6F0E35A568B8F43562CD7046CD199FD07E60174276A7BE677B5EADB0E0D14EEFFB6A31321A0D82627C4084204C3F096B71DD52F6819B16635EADF63F509AF53FA164
310
5DDCD1EDDD17164090FCC8732078B56691CB33A85CD7DCC40F504B0304140006080800CC70623B55019EA25F0000007C00000007000000636E782E786D6C4DCB3B0E80201045D1AD90E915ED2CF8AC45050C11660C8261F98AB1B07AC9C97D42D718D865D3E909258CFD00CCE24AC6E326A164D74DC0B4128928FF32603847
310
2BA13128B1252AC747C6BAB984FC68F0B87FE8960A5C09FE86CFB69FBA01504B0304140006080800CC70623BDBABAAF470010000D40300000C0000006662782F636F72652E786D6CC553D16E823014FD95A6AF4B694182CC941A83FA05FB810A9511A125A5257EFE2E82712ECEB8A7F100CD39F7F69E734AF9FADC366850B6
310
AF8DCE7018308C942E4C59EB2AC3DE1D498AD15A706B8CFB56869196ADCAF00863C12B6B7C374385D14E6907A836A59A41D9F7CA615434B0C8705F7CAA5606D23BA8E84F41278B93AC54100640439DE0BDB320004D43C63716C7C399D30917DCFBBA9CD9BA8469F5B156168B24CED3F7248AC8769F27244EB73B92EED8862C
310
B7F13E0C179B3C8F979C8ECD82BBBABDAA2BAC924E9558448CBD9330242CFA08E3154B5651FCC6D215639C8EE5774DBE2B5F6CF2B5768B68963BB5F5588420E442FC700B1139D4CB01F450C1E918227C2E09DF070D8140C84E1E9AAB8F1340832A9CB13130A5F1376A908D57309505ECF2A0DF179C4E9D30F5B239B87E3823
310
7A79C6F31DE1A8A5AEC08474B03C7837EAE4938639B44E5932B833D2C6B6B279CDC613877FA26EE21F4A2A4C63EC7F29A2F301D1F9F7A0E37D145F504B0304140006080800CC70623B9C113CC27E0000009D0000000B0000006662782F636E782E786D6C4DCCDF0A83201C86E15B91DFB94BFB330DD428C8FB886521330DA7
310
6397BF1A1DECE883878F57749FCDA1B7892F1BBC047A23808C7F84D9FA55424E0BE6803A256208E9EF06C84F9B91703228B1C690F78B66B34CD9A5439DF5CF0BFBF65E35BCA1B8D6A5C6F540381E886698B5741C695F9503EBA150A2F8958E3DC3EA0B504B0304140006080800CC70623B7DF2F77C2A010000120200003100
310
00006662782F41393633353835312D344632462D344230382D423046372D3739314545314133324237412F636F72652E786D6C8D51DB8EC22014FC15C2939B0D2DB4B45643319AE817EC0F6041255A68B86CFCFC856D4D76DF7CE190393373060EDB3DC707F856CE6B6B7A480A0C81328395DA5C7B18C3057510EC3873D686
310
3F34088C18550F330C39BB3A1BA7051AAC09CA84841A2BD5020AEF55806078A44B0FFD7053A328440C89E1EFC52486BBB8AA8214A99D789CF9E05200300FC927E4FB4D5B375D43103D5527440FB843077C5AA3F5861C8F645F5787F59E95B390B318B55CE45AA638FAA2957BD7248B390B7A7CC51F9C124149C82B8C378810
310
84AB2F42B7B8DD56F413775B8C5999E9FF4471926F8AA236A1AE96B8B3CC434E5839373893369E1FAF30EA395917409EB7F26AF8801C171837A4A6AC9C89E9F9C9B1A58BA30FD6A5EF5DDDCF894B9AD9B6A59C957943A9FCAE2FD5BC4DFE03504B0304140006080800CC70623BAD7543B64E01000033030000300000006662
310
782F41393633353835312D344632462D344230382D423046372D3739314545314133324237412F636E782E786D6CD593CD6EC32010845F0571AD6CE3D48AD20813A9873E410FBD12D82434182C7EAAE6EDBB2424CD25871E7B41D6EC30B3FA84F9E67BB2E40B4234DE8DB46F1925E094D7C6ED479AD3AE5951B2113C789FEE
310
6C943839C1488B4C05DF079FE72A69D8C96C13AAD6B8631503449F83828872B949AC57D26200B826A308D316B4064D6E46FCDA41C05550DC9E483A00797BFD207EFB092A45DE9514C1BBD22178396BD39D891265658C238DEA00936C654E5E433CB65A26D9F6EDB5EBC14EBF49A45CB856E66048291F6939A9A81BB5C89177
310
38143CA680F4AA299D66A042CEB3354A2684DC9D8D178FE0D9B8B41CAAD720F880EE7EF93C0C18769E099ECC04D5A102C8049A8A05632F4DDF376CF1DE0F6BB65C2F8627B65A33C6BB62177CEBBDAD973006829F89F22E814B54F4BC2BE347F8AA8F681390B50FA73F804400B5F542E796F19FF974E7F78DB802FE05E20750
310
4B0304140006080800CC70623BE75B7789680500003C100000340000006662782F41393633353835312D344632462D344230382D423046372D3739314545314133324237412F6F626A656374732E786D6CAD575B8F9B3818FD2B887D06C22499CB8AA1CA655245D5B455A356FB305264C061D8018C6C3393D95FBFC7600890
310
A4CD5EF210B0B1BFEBF98E3F7B1FF6596ABC522E1296DF9BAE3D320D9A872C4AF2F8DE2CE5CEBA358D0FBEC719939D65A691938CDE9B6ADAF4BD98B3B2D05311DD91329583D9D5FC0F438434A7A611A644887B5384CF34233629258BA878B12322891DEFF6B66BD70BFB62634E8AE781D082709A4B588AF91C528CDA28B73F
310
1C998EEF39EABBEFA97FBD6A7C7E9553F9D3D79FE442923C3C523610337627CB87ABE99D359D4CC6D6E4FACAB5E6ABF9D2726FC6A3C5F56271377BB88362213924694B38DD99FE47C48627A1E7D49F5A8BB5E1A74C0A599ED3B0F21F1E56366B89112D681E218F0915D0D6F17AD41FBA2A369DCF6335D62ABBD39779D5DDD1
310
11D4D8DE3CBB96B2E04FB8202E41051754A1AA8E8F76B4C6DFE810B580B1547F4B84911149794252234D024EF8BBE963A95AE27B3D310A9D5C215C7960FAEE415ED75694C6AFB17BCACA5D99A60A9AA65F217B0BFC53292ACB92BF283FAD0D3621576592CB5BED907C2FA8E9DF794E35E97BEA31BED21FEB401ABB94C44839
310
DCACBF0E1C5DA8DA5B2F4DFFD32AD86F543D9E565E7056502E157C00AD2671CD534549AB752FCA9CDA00677A313F04E51B22FF19E57B300579E3C97EB29F682D92935CEC18CF901B7B54FD8C51F362B56FC72FE0B3C1EAE335EDCCBF5AEC39ADB17DC238973F804BA5E6F6BFE7AF1FB32E523BE9F3BD571418E3631DCA4D48
310
5250CF639223210A9446CA30052EDF057BD35F8329C1ECD84552BF0DC8D18BE7BCE23BFE6BD960AB4A7DE79923A103BEBD80F911CBAA2C60DB19B01CF164A5583B772EE6D3FFA56666CBCDA74DC97724A48F9A58967497E489C4D979006FD7A05E227A1EBDD0F737C623387A9C844D3709995625106D157315F8B8392CD4E0
310
A0B9A720C4BE9829CEF37EA1E13111214D53925356365ADA634861B52519DD27A00AEB808EAF0628E6F435519D446F45CF2C9CF5214F0A15B2F6D06B79DA3EE3CBF7F56780D2F4E7EF73A0F5E5B02A38D07DC852C6B7C1FBB6664213E0C39E3EBA7FF4E1AD23EA2829407C85E586727488B751B2DB9502BC7B228A3FD68B6E
310
A65A22397E690AA8D158D7E404EC8CDA235CC3B7D1898680131CEC2CDF2638C65196279577750F15884AEE19F94199155B92B13297978469D4F8D358DF0AEF7631E28DC8F0D9F437D5D39A83B2231A1D52D543813A824EF8D44BCFF2FA6A31BD1E8DAD87F1CCB526B3879935BF59CDADD5C37479BB1CDD4CA7B3556B516589
310
EF352754B706114D9C885EC9131DE6EFEB43D99AFE2391C2F958179413D7CFEF6B1B6DB1E7600F00DE6E5C67454A339A4BA2E0FBA85ED26F045D454F463DBFCE484C2F90F2E5E3666003662ED8F755951A7D1BECD5B30B550B2785C8E7320B7292A4838DDA71BBC863ED7613CAF659337A3354231D4FF4A182A54904C2898C
310
98B28C4AD0CE056CCF332A80986E571EE9DBC305BB5FEB7E509220A58D25CF042D712A806AC0AD0C657FDEF80D2D9CEAA2EE4D1C76F60BFE74219A06527D6F82DF6412526107381E55E353090704D085B52408A8913C4ED159D79BDA71BB4BC506F4831350EB6F975CD22D69BF7AC49B91A2C0A9DDA3D5CA36AD20FC478E37
310
E61844E2352865EBCB61A275A65283CAAA9DD27703B4102F5AF51EF5F573B75CBB5AD38BC845F7A49F82A0966A49C2E3EA5EA0ECD326CD965F1DB402C6FA8B51A4658C5C5E2EC9E214602E55810345408596591009A82E7E7FFACA19EEA299B14A0081A705CB3296EBC14CDF658DCD336EA6D1136881AAEB87B81AB9EE53D5
310
F5EB8BC8362082DA24122F98680A4E7930C01A0079749CEA14382A0783E5EBA5A10F8C098456A03D6A4AEB6BB881E2513747552A5DB22C7EDAF83BD5528081A365F7FF06504B0304140006080000CC70623B000000000000000000000000350000006662782F41393633353835312D344632462D344230382D423046372D37
310
39314545314133324237412F76657274696365732E62696E504B0304140006080800CC70623BF270F1330600000004000000360000006662782F41393633353835312D344632462D344230382D423046372D3739314545314133324237412F747269616E676C65732E62696E636660600000504B0304140006080000CC7062
310
3B000000000000000000000000370000006662782F41393633353835312D344632462D344230382D423046372D3739314545314133324237412F617474726962757465732E62696E504B0304140006080800CC70623B08DA0BD19000000041010000360000006662782F41393633353835312D344632462D344230382D4230
310
46372D3739314545314133324237412F6469726563746F72792E786D6C858F410AC3201045AF22B36F53E9A60B35CBEEBAE80D244E44489C6234F4F835464A48035D0DF398FF9F8AF63D0E6CC63039F212F8F9020C7D47C6792B21C5FE7403D62A1188E2E60C98D7234A5830286103A55745067B9D86B8A3CF9C7F90C11DE6
310
07FB144396D7B6A82D282E9A152AD114D5EF2CB866EEE831B8EEA07A7BB5A8D7D61A2BAAEB7FD5F70921FF497D00504B0304140006080800CC70623BEDD1DC58FD000000A00100003B0000006662782F41393633353835312D344632462D344230382D423046372D3739314545314133324237412F7265736F75726365732F
310
636F72652E786D6C8D504B6E833010BD0A9A6D65B00922041947112427E8052C33A156828DFCA97AFC9A40A576D7CDCCE87D344F8F9FBFE667F689CE6B6B3A6039850C8DB2A336530731DC4903D95970676DF82583CCC8193B5861107C72362E3BA4AC096842428D1D7107A5F7182053CF7474E0D507CE32973124857FE48B
310
540F3961CEF244279DE03EB81420DB9EAC1384436FA353E879B1B182C7A8C75DA3C7F453DF353A1075D537A7BA6464B8F535A99AE14A9A2BBD90E350DD183B5CFABE3AF262350B1EF4FC9351399401471025A527C218A1E53BAB5A5AB765F5469B96525EACF23FA6B88CFF34456DC2A1DCE36E360F82A5202F42F062ED2BAD
310
579969AFDD8A6F504B010214000A0000080000CC70623B3DEE336E79000000790000001B00000000000000000000000000000000006175746F6465736B2D64657369676E2D7061636B6167652E786D6C504B01021400140006080800CC70623BD486FD9CA0000000F40000001300000000000000000000000000B20000005B
310
436F6E74656E745F54797065735D2E786D6C504B01021400140006080800CC70623B853B8169EB0000007C010000080000000000000000000000000083010000636F72652E786D6C504B01021400140006080800CC70623B55019EA25F0000007C000000070000000000000000000000000094020000636E782E786D6C504B
310
01021400140006080800CC70623BDBABAAF470010000D40300000C00000000000000000000000000180300006662782F636F72652E786D6C504B01021400140006080800CC70623B9C113CC27E0000009D0000000B00000000000000000000000000B20400006662782F636E782E786D6C504B01021400140006080800CC70
310
623B7DF2F77C2A010000120200003100000000000000000000000000590500006662782F41393633353835312D344632462D344230382D423046372D3739314545314133324237412F636F72652E786D6C504B01021400140006080800CC70623BAD7543B64E010000330300003000000000000000000000000000D2060000
310
6662782F41393633353835312D344632462D344230382D423046372D3739314545314133324237412F636E782E786D6C504B01021400140006080800CC70623BE75B7789680500003C10000034000000000000000000000000006E0800006662782F41393633353835312D344632462D344230382D423046372D3739314545
310
314133324237412F6F626A656374732E786D6C504B01021400140006080000CC70623B0000000000000000000000003500000000000000000000000000280E00006662782F41393633353835312D344632462D344230382D423046372D3739314545314133324237412F76657274696365732E62696E504B01021400140006
310
080800CC70623BF270F133060000000400000036000000000000000000000000007B0E00006662782F41393633353835312D344632462D344230382D423046372D3739314545314133324237412F747269616E676C65732E62696E504B01021400140006080000CC70623B0000000000000000000000003700000000000000
310
000000000000D50E00006662782F41393633353835312D344632462D344230382D423046372D3739314545314133324237412F617474726962757465732E62696E504B01021400140006080800CC70623B08DA0BD1900000004101000036000000000000000000000000002A0F00006662782F41393633353835312D344632
310
462D344230382D423046372D3739314545314133324237412F6469726563746F72792E786D6C504B01021400140006080800CC70623BEDD1DC58FD000000A00100003B000000000000000000000000000E1000006662782F41393633353835312D344632462D344230382D423046372D3739314545314133324237412F7265
310
736F75726365732F636F72652E786D6C504B0506000000000E000E0080040000641100000000
  0
XRECORD
  5
1F8
102
{ACAD_REACTORS
330
1F7
102
}
330
1F7
100
AcDbXrecord
280
     1
 70
     1
 90
429727718
  1
30362254-06B7-45E0-A893-8CFA70E3D6BC
310
504B03040A0000080000CC70623B3DEE336E79000000790000001B0000006175746F6465736B2D64657369676E2D7061636B6167652E786D6C3C3F786D6C2076657273696F6E3D22312E302220656E636F64696E673D227574662D3822203F3E3C666F726D6174733E3C666F726D61743E687474703A2F2F736368656D612E
310
6175746F6465736B2E636F6D2F64657369676E2D7061636B6167652F323030393C2F666F726D61743E3C2F666F726D6174733E504B0304140006080800CC70623BD486FD9CA0000000F4000000130000005B436F6E74656E745F54797065735D2E786D6C7D8EC10E82300C865F65E91D8A1E8C310C0EEA1BF002731658846E
310
D98AC1B77784ABF1D8FE5FBFBF75BBCE937A534CCEB38643598122B6FEE978D0B0485F9C41B54DDD7D022595594E1A469170414C76A4D9A4D207E29CF43ECE46F218070CC6BECC4078ACAA135ACF422C856C0E68EA1BF5669944DDD7BCDE7B1F8E415D77AECB980613C2E4AC91FC167A2B244592486606FC29C8FD7F045B9A
310
EF7053A7E60B504B0304140006080800CC70623B1EC5D7A3EB0000007C01000008000000636F72652E786D6C8D90416EC3201045AF82665B6103C6756C6122AB4D4ED00B204C5C94182C03558F5F9C3852BBEB6A467FFE9B197D71FC9E6FE8CBACC17AD7032D0820E3B41FAD9B7A48F1820F808E52ACDEC75F36404ECDA687
310
4D0629A6D5A76597B477D1B89855E747B38B2A041301E95B6E7A08FAD3CCAA50296647B8168BD2573599823EBB0CA76447F43862C7BCCF5EAC59410E4DDD9C7973C2755553CCCFA4C603E3040F1565ED3B1FDE4E432BCA0D9622DAF9795FAF464533826484B498524CD807E51D79ED187F21878E10516EF63F505AC67F42C9
310
BA58B1FDDD071640D2FCC87D2045B96591CB3DA85CB7DCE40F504B0304140006080800CC70623B55019EA25F0000007C00000007000000636E782E786D6C4DCB3B0E80201045D1AD90E915ED2CF8AC45050C11660C8261F98AB1B07AC9C97D42D718D865D3E909258CFD00CCE24AC6E326A164D74DC0B4128928FF32603847
310
2BA13128B1252AC747C6BAB984FC68F0B87FE8960A5C09FE86CFB69FBA01504B0304140006080800CC70623B8C9102E971010000D40300000C0000006662782F636F72652E786D6CC5535B6E833010BC8AE5DF0A6C08340F1947A84D4ED00B38C6A128602363A31CBFCB234A53A551FA553EC09AD9F5CE8C31DB9E9B1AF5CA
310
7695D1198E428A91D2D214952E33ECDD315861B4E5CC1AE3BE9561A445A3323CC098B3D21ADFCE9034DA29ED00D5A6503328BA4E398C640D8B0C77F253352214DE4145770A5B214FA2546114020D759C75CE8200340D19DE981F0F6746269C33EFAB6266AB02A655C74A59CCF365BADC27CB5D902ED22848F6340DF238A141
310
BE88E2F57B92BFEDF23523433367AE6A2EEAA455C2A902F398D2751045018D3FA264435F3771F242571B4A1919CA6F9A7C5B3CD9E42BED16F12C776AEB308F40C848FC700B1139D4891EF410CEC810227CC6846F8386402064270EF5C5C709A05E49676C024C61FC95EA45ED154CA5211D1FF4FB8291A913A68E9B83EBBB33
310
E2A7673CDE118E5AE8124C0807CB8377834E366998436B950D7A7746DAD846D4CFD978E0F04FD455FC5D49D2D4C6FE9722321F10997F0F32DC47FE05504B0304140006080800CC70623BFFEA85907E0000009D0000000B0000006662782F636E782E786D6C4DCCD10A83201886E15B91FFDC95D95A811AB6F23E625948A6C3
310
E9D8E5AF46073BFAE0E1E365ED67B3E8ADC3CB78C7815C7240DA3DFC64DCC221C519D7805AC182F7F1EF06C88D9BE6703008B6049F9E274D7A1E938DBB5AE3D6131B2589BA0D3D965551E0B2EA732C9B9A624AAEB41E3A557677029960D9AFB4EF11165F504B0304140006080800CC70623B4FEEA4082C0100001202000031
310
0000006662782F39464131463745442D413632322D343644302D413938332D3331353338454246344243312F636F72652E786D6C8D515B6EC32010BC0AE2AB55850DD871ED0813254D72825EC00192A2C460F1A872FC42ED48ED5F7E00CDCECCCEB26C731F6FE05B39AFADE921293004CA082BB5B9F43086336A21D870E6AC
310
0D7F68109861543DCC30E4ECE26C9C164858139409093556AA051CBC570102714B8F1E7AF1A5C6A11862480C7F2DA6415C878B2A4891CA89C7990F2E050073937C42DE1DB7E4F87ED8A36D4329AA9B3D46DBAEAD504556557BD81DEBDD0761E52CE42C462D17B996298E3E6BE59E35C962CE821E1FF18553435012728A7187
310
0841987E927A8D9B35ADDF70BBC6989599FE4F1427F9A4286A132ABAC49D651EF234CD5CE04CDA78BA3DC2A8FB645D00B9DF8B57E215725C60BCA2A463E54C4CE327C7A65E1C7DB02E7DEFCBF594B864C5CA6CDBD49C957943E9FA5D5FBAF336F90F504B0304140006080800CC70623BAD7543B64E01000033030000300000
310
006662782F39464131463745442D413632322D343644302D413938332D3331353338454246344243312F636E782E786D6CD593CD6EC32010845F0571AD6CE3D48AD20813A9873E410FBD12D82434182C7EAAE6EDBB2424CD25871E7B41D6EC30B3FA84F9E67BB2E40B4234DE8DB46F1925E094D7C6ED479AD3AE5951B2113C
310
789FEE6C943839C1488B4C05DF079FE72A69D8C96C13AAD6B8631503449F83828872B949AC57D26200B826A308D316B4064D6E46FCDA41C05550DC9E483A00797BFD207EFB092A45DE9514C1BBD22178396BD39D891265658C238DEA00936C654E5E433CB65A26D9F6EDB5EBC14EBF49A45CB856E66048291F6939A9A81BB5
310
C8917738143CA680F4AA299D66A042CEB3354A2684DC9D8D178FE0D9B8B41CAAD720F880EE7EF93C0C18769E099ECC04D5A102C8049A8A05632F4DDF376CF1DE0F6BB65C2F8627B65A33C6BB62177CEBBDAD973006829F89F22E814B54F4BC2BE347F8AA8F681390B50FA73F804400B5F542E796F19FF974E7F78DB802FE05
310
E207504B0304140006080800CC70623B16AB87BA640500003C100000340000006662782F39464131463745442D413632322D343644302D413938332D3331353338454246344243312F6F626A656374732E786D6CAD575B6FA33818FD2B887DE6924B3BED8A326A92B68A663B534DD4D13E548A0C38942D60649B369D5FBFC7
310
600890A493BDE42160637FD7F31D7FF63E6FB3D478A55C242CBF3247B66B1A340F5994E4F19559CA8D75611A9F7D8F33263BCB4C232719BD32D5B4E97B316765A1A722BA21652A07B3B7B33F0D11D29C9A46981221AE4C113ED38CD8A4942CA2E2C58E882476BCD9DA23BB5ED8171B73523C0F841684D35CC252CCE79062D4
310
468DFA43D7747CCF51DF7D4FFDEB5593E3AB9CCA9FBEFE241792E4E19EB28198C968BAB8199F5D5A67D3E9C49A9E8F47D6EC76B6B0469F26EEFC7C3EBFBCBEB98462213924694B38DD98FE1D62C393D073EA4FADC5DAF04326852CCF6958F90F0F2B9BB5C48816348F90C7840A68EB78EDF68723159BCEE7891A6B95DDE9D3
310
BCEAEEE8086A6C6F9E5D4B59F0175C10A7A0820BAA5055C7473B5AE3CFDD452D602CD5DF12616444529E90D448938013FE6EFA58AA96F85E4F8C42275708571E98FE6827AF6B2B4AE3D7D83D64E5A64C53054DD3AF90BD06FEA9149565C94FCA0F6B834DC85599E4F2423B24DF0B6AFA979E534DFA9E7A4CC6FA631D486393
310
921829879BF5D781A373557BCB85E97FB90DB62B558F8795179C15944B051F40AB495CF35451D26A4727654E6D8033BD98EF82F21D91FF8AF2DD9982BCF1643BDD4EB516C9492E368C67C88DED563FC36D5EACF66DFF057C3658BDBFA69DF9578B3DA735B64F18C7F20770A9D45CFCF7FCF563D6456A277DBEF78A02637CA2
310
43B90A490AEAB94F72244481D24819A6C0E59B606BFA4B3025981DBB48EAB701D97BF19C577CC77F2D1B6C55A9EF3C732474C0B727303F625995056C3B02963D9EAC146BE78EC5FCEC7FA999EBC5EACBAAE41B12D27B4D2C0BBA49F244E2ECDC81B76B502F113D8F5EE8FB1BE3111CDD4FC2AA9B844CAB1288B68AB90A7CDC
310
1C166AB0D3DC5310625FCC14E779BFD0709F8890A629C9292B1B2DED31A4B0DA928CEE135085754027E3018A397D4D5427D15BD1330B677DC8934285AC3DF45A9EB68FF8F2B8FC0A509AFEECFD0FF2DE25CC6047F7214B195F07EFEB9A094D800F7BFAE8FED187B78EA8A3A400F115961BCAD1215E47C966530AF0EE8128FE
310
58CEBB996A8964FFA529A046635D9353B0336A8F700DDF46271A024E70B0B37C9DE01847591E54DED53D54202AB947E4076556AC49C6CA5C9E1226B7F1A7B1BE15DEED62C41B91E1B3E9AFAAA735036547343A925075041DF0A9979E893B391F8FCFA6967B3EFB644DCF6E5CEBFAE272625DCC6FAF3FB93793C5F90CE1EF57
310
407342756B10D1C489E8953CD1617E5CEECAD6F4EF8914CE5D5D504E5C3F1F9736DA62CFC11E00BCDDB8CC8A9466349744C1F75EBDA4DF09BA8A9E8C7A7E9991989E20E5DBDD6A6003664ED8F7A04A8DBE0DF6EAD9B9AA858342E47399053949D2C146EDB85DE4B176BB0965FBAC19BD19AA918E27FA50C1D22402E144464C
310
59462568E704B6E71915404CB72B8FF4EDE184DDAF753F284990D2C6926782963815403548A70C657FDEF80D2D9CEAA2AE4C1C76F60BFE74219A06527D6582DF6412526107381E55E353090704D085B52408D0933C4ED159D79BDA71BB4BC506F4831350EB6F979CD22D69BF7AC49B91A2C0A9DDA3D5CA36AD20FC478E37E6
310
1844E2352865EBCB6EA275A652E3836BE04EFB400BF1A2556F515F1FBB35B2AB35BD889C744FFA1004B5544B121E57F70215746DD2F5E2C1412B602CBF19455AC6C8E5E9922C4E01E65215385004546899059180EAFCF7A707CE7017CD8CDB0410789AB32C63B91E5CEBBBACB17AC6CD347A022D5075FD106377347AAABA7E
310
7D11590744509B44E205134DC1290F06580320F78E537D3D73540E06CB970B431F185308AD40BBD794D6D77003C5A36E8EAA54BA64597CD8F83BD552A080A365F7FF06504B0304140006080000CC70623B000000000000000000000000350000006662782F39464131463745442D413632322D343644302D413938332D3331
310
353338454246344243312F76657274696365732E62696E504B0304140006080800CC70623BF270F1330600000004000000360000006662782F39464131463745442D413632322D343644302D413938332D3331353338454246344243312F747269616E676C65732E62696E636660600000504B0304140006080000CC70623B
310
000000000000000000000000370000006662782F39464131463745442D413632322D343644302D413938332D3331353338454246344243312F617474726962757465732E62696E504B0304140006080800CC70623B08DA0BD19000000041010000360000006662782F39464131463745442D413632322D343644302D413938
310
332D3331353338454246344243312F6469726563746F72792E786D6C858F410AC3201045AF22B36F53E9A60B35CBEEBAE80D244E44489C6234F4F835464A48035D0DF398FF9F8AF63D0E6CC63039F212F8F9020C7D47C6792B21C5FE7403D62A1188E2E60C98D7234A5830286103A55745067B9D86B8A3CF9C7F90C11DE607
310
FB144396D7B6A82D282E9A152AD114D5EF2CB866EEE831B8EEA07A7BB5A8D7D61A2BAAEB7FD5F70921FF497D00504B0304140006080800CC70623B0D6EF93BFE000000A00100003B0000006662782F39464131463745442D413632322D343644302D413938332D3331353338454246344243312F7265736F75726365732F63
310
6F72652E786D6C8D50596E833010BD0A9ADFCA60B334011947A8694ED00B586642AC041B79A97AFC9A40A5F6AF3F33A3B7689E1E3F7DCD8FEC139DD7D6F4C0720A191A65476DA61E62B892236427C19DB5E1970C322367EC618541F0C9D9B8EC90B226A009093576C41D94DE63804C3DD2D18357379C652E63480A7FCF17A9
310
EE72C29CE5894E3AC17D702940B63D59270887DE46A7D0F36263058F518FBB468FE9A7BE6A7420864373B8D4873369AA8691FA421B3294352543C5CAF65C0F6FEF43CB8BD52C78D0F34F46E550061C419494B6843142CB0F5677F4B52BEB177AEC28E5C52AFF638ACBF84F53D42654E51E77B379102C05791282176B5F693D
310
CB4C7BED567C03504B010214000A0000080000CC70623B3DEE336E79000000790000001B00000000000000000000000000000000006175746F6465736B2D64657369676E2D7061636B6167652E786D6C504B01021400140006080800CC70623BD486FD9CA0000000F40000001300000000000000000000000000B20000005B
310
436F6E74656E745F54797065735D2E786D6C504B01021400140006080800CC70623B1EC5D7A3EB0000007C010000080000000000000000000000000083010000636F72652E786D6C504B01021400140006080800CC70623B55019EA25F0000007C000000070000000000000000000000000094020000636E782E786D6C504B
310
01021400140006080800CC70623B8C9102E971010000D40300000C00000000000000000000000000180300006662782F636F72652E786D6C504B01021400140006080800CC70623BFFEA85907E0000009D0000000B00000000000000000000000000B30400006662782F636E782E786D6C504B01021400140006080800CC70
310
623B4FEEA4082C0100001202000031000000000000000000000000005A0500006662782F39464131463745442D413632322D343644302D413938332D3331353338454246344243312F636F72652E786D6C504B01021400140006080800CC70623BAD7543B64E010000330300003000000000000000000000000000D5060000
310
6662782F39464131463745442D413632322D343644302D413938332D3331353338454246344243312F636E782E786D6C504B01021400140006080800CC70623B16AB87BA640500003C1000003400000000000000000000000000710800006662782F39464131463745442D413632322D343644302D413938332D3331353338
310
454246344243312F6F626A656374732E786D6C504B01021400140006080000CC70623B0000000000000000000000003500000000000000000000000000270E00006662782F39464131463745442D413632322D343644302D413938332D3331353338454246344243312F76657274696365732E62696E504B01021400140006
310
080800CC70623BF270F133060000000400000036000000000000000000000000007A0E00006662782F39464131463745442D413632322D343644302D413938332D3331353338454246344243312F747269616E676C65732E62696E504B01021400140006080000CC70623B0000000000000000000000003700000000000000
310
000000000000D40E00006662782F39464131463745442D413632322D343644302D413938332D3331353338454246344243312F617474726962757465732E62696E504B01021400140006080800CC70623B08DA0BD190000000410100003600000000000000000000000000290F00006662782F39464131463745442D413632
310
322D343644302D413938332D3331353338454246344243312F6469726563746F72792E786D6C504B01021400140006080800CC70623B0D6EF93BFE000000A00100003B000000000000000000000000000D1000006662782F39464131463745442D413632322D343644302D413938332D3331353338454246344243312F7265
310
736F75726365732F636F72652E786D6C504B0506000000000E000E0080040000641100000000
  0
XRECORD
  5
175
102
{ACAD_REACTORS
330
173
102
}
330
173
100
AcDbXrecord
280
     1
270
     1
271
     1
  0
XRECORD
  5
174
102
{ACAD_REACTORS
330
173
102
}
330
173
100
AcDbXrecord
280
     1
270
     1
271
     1
  0
XRECORD
  5
1FB
102
{ACAD_REACTORS
330
173
102
}
330
173
100
AcDbXrecord
280
     1
 70
     0
 90
1673772943
  1
ECE7A1D2-D628-4531-984C-D00F80459256
310
504B03040A0000080000CC70623B3DEE336E79000000790000001B0000006175746F6465736B2D64657369676E2D7061636B6167652E786D6C3C3F786D6C2076657273696F6E3D22312E302220656E636F64696E673D227574662D3822203F3E3C666F726D6174733E3C666F726D61743E687474703A2F2F736368656D612E
310
6175746F6465736B2E636F6D2F64657369676E2D7061636B6167652F323030393C2F666F726D61743E3C2F666F726D6174733E504B0304140006080800CC70623BD486FD9CA0000000F4000000130000005B436F6E74656E745F54797065735D2E786D6C7D8EC10E82300C865F65E91D8A1E8C310C0EEA1BF002731658846E
310
D98AC1B77784ABF1D8FE5FBFBF75BBCE937A534CCEB38643598122B6FEE978D0B0485F9C41B54DDD7D022595594E1A469170414C76A4D9A4D207E29CF43ECE46F218070CC6BECC4078ACAA135ACF422C856C0E68EA1BF5669944DDD7BCDE7B1F8E415D77AECB980613C2E4AC91FC167A2B244592486606FC29C8FD7F045B9A
310
EF7053A7E60B504B0304140006080800CC70623BD9DDAED0EC0000007C01000008000000636F72652E786D6C8D90416EC3201045AF82665B61836D9CD8C2444DD39CA01740405C94182C03558F5F9C3852BBEB6A467FFE9B197D7EF89E6EE8CB2CC17A37002D0820E394D7D68D03A478C17B4007C117EFE32F1B20272733C0
310
2A83E0E3E2D3BC49CABB685CCCAAF3DA6CA20CC14440EA969B0182FA34932C648AD911AEC52CD5558EA6A0CF2EC329598D1E47ACCEFBECC59A050463A7EA5833865FEBDD0E37353BE3EE8DBDE3F6786A48D375FBF6CC78B9C282473B3DEFABC5C86834888A900E538A49F5419B9EB47DD5BC907D4F082F57FB1F28CDFA9F50
310
B22ED6D5F6EE030B20687EE43E10BC5CB3C8E51E54AE6B6EE207504B0304140006080800CC70623B55019EA25F0000007C00000007000000636E782E786D6C4DCB3B0E80201045D1AD90E915ED2CF8AC45050C11660C8261F98AB1B07AC9C97D42D718D865D3E909258CFD00CCE24AC6E326A164D74DC0B4128928FF326038
310
472BA13128B1252AC747C6BAB984FC68F0B87FE8960A5C09FE86CFB69FBA01504B0304140006080800CC70623BA24EB22D72010000D40300000C0000006662782F636F72652E786D6CC5535B6E833010BC8AE5DF0A6C5E49888CA3A6694ED00B38E05014B091B1518EDFE511A5A9D228FD2A1F60CDEC7A67C6986DCE4D8D7A
310
69BA4AAB0C073EC548AA5C17952A33ECECD15B61B4E1CC686DBF9561A44423333CC098B3D268D7CE50AE9595CA02AA74216750749DB418E5352C32DCE59FB211BE70162ABA93DF8AFC244AE9073ED050C759670D0840D390E18DF9F1706664C23973AE2A66B62A605A75ACA4C13C4976E1364A12EF355A2EBD384AF65EFA96
310
BC7B8BED2EA6719AAE16FB8491A199335B351775B991C2CA02F390D2D40B028F861F41BCA68B7518BFD0D59A524686F29B26D7164F36B94AD9289CE54E6D1DE6010819891F6E21228B3AD1831EC219194284CF98F06DD01008846CC5A1BEF83801D4CBDC6A1303536877A57A513B0953A94FC707FDBE6064EA84A9E3E6E0FA
310
EE8CF0E9198F7784A316AA0413C2C2F2E0ECA0934D1AE6D05A69BCDE9E91D2A611F573361E38FC1375157F5752AE6B6DFE4B11990F88CCBF0719EE23FF02504B0304140006080800CC70623B408A7D3B7C0000009D0000000B0000006662782F636E782E786D6C4DCCD10A83201886E15B91FFDC552A92A0064DBC8F581632
310
D3703A76F9ABD1C18E3E78F878E5F0D9027ABBFCF2292AE86E2D20171F69F6715550CB827B40839639A5F2770314A7CD293819B45C73AAFB45B35BA61ACAA1C1C7E7855C58C15BC331339661262CC762340413D68D77DA5B42298546CBE6573AF60CEB2F504B0304140006080800CC70623B449FB9BD290100001202000031
310
0000006662782F36394639363044362D344446342D343946362D394244322D3234314243333846323333332F636F72652E786D6C8D515B6EC32010BC0AE22B55850D98B871848994463E412FE002495162B07854397EA176A4F62F3F2C9A9D991D587EB84F37F0AD7D30CEF6905418026DA553C65E7A98E219ED203808EE9D
310
8B7F6810D871D23D2C3014FCE25D9A57483A1BB58D19B54EE9151C43D0110279CB971E06F9A5A7B11A53CC8C70ADE6515EC78BAE4895DB992778883E0700CB907242D17643D7E2538BD869608875438BBAE38922CAC8F1BDD90DB4691A5E2F42C153326A951B95E398B3D1FE599322163C9AE9115F7A3D46ADA0A018778810
310
84E907617BDCEE297BC5BB3DC6BC2EF47FA234AB2745C9D8D8D035EE220B50105E2F0DC1954B9FB747187D9F9D8FA0CCDB042D5FA0C015C65B42DF78BD10F3F3B363CB56C7109DCFDFBBB97E662ED92EB62D13BC2E1BCAE5777DB9966D8A1F504B0304140006080800CC70623BAD7543B64E01000033030000300000006662
310
782F36394639363044362D344446342D343946362D394244322D3234314243333846323333332F636E782E786D6CD593CD6EC32010845F0571AD6CE3D48AD20813A9873E410FBD12D82434182C7EAAE6EDBB2424CD25871E7B41D6EC30B3FA84F9E67BB2E40B4234DE8DB46F1925E094D7C6ED479AD3AE5951B2113C789FEE
310
6C943839C1488B4C05DF079FE72A69D8C96C13AAD6B8631503449F83828872B949AC57D26200B826A308D316B4064D6E46FCDA41C05550DC9E483A00797BFD207EFB092A45DE9514C1BBD22178396BD39D891265658C238DEA00936C654E5E433CB65A26D9F6EDB5EBC14EBF49A45CB856E66048291F6939A9A81BB5C89177
310
38143CA680F4AA299D66A042CEB3354A2684DC9D8D178FE0D9B8B41CAAD720F880EE7EF93C0C18769E099ECC04D5A102C8049A8A05632F4DDF376CF1DE0F6BB65C2F8627B65A33C6BB62177CEBBDAD973006829F89F22E814B54F4BC2BE347F8AA8F681390B50FA73F804400B5F542E796F19FF974E7F78DB802FE05E20750
310
4B0304140006080800CC70623B8D05915C650500003B100000340000006662782F36394639363044362D344446342D343946362D394244322D3234314243333846323333332F6F626A656374732E786D6CAD575B6FA33814FE2B887D06429276DA1565D4266D158D3A339A6846FB502932E050B66023DB74D2FDF5FB190C01
310
9276B2973C046C8ECFF53B17071F77456EBD502133CEAE6CDF9DD81665314F32965ED995DA3A17B6F5310C04E7AA47665B8C14F4CAD6DB7618A48257A5D94AE89654B91AEDDEDDFC61C998326A5B714EA4BCB265FC440BE2924AF184CA6737218AB8E976E7FA6E4338649B0A523E8D98964450A6A029F619B8588D52FE7039
310
B1BD30F0F4F730D0FF866AF6369557DB33949F31A9088B0F848DD8CCFCF9F2767A76E99CCDE733677E3EF59D9BBB9BA5E37F984D16E78BC5E5F5ED25044B25C0C96822E8D60EEFE11B91C581D77CEA34368A1F5329E68CD1B8B61F16D63A1B8E092D294B10C78C4A48EB593D192E7DED9BDEE7995E1B91FDEDD3ACEA9FE831
310
6A756F9F7D4D79F4274C90A7A04248AA51D5F8C718DAE06FB2F75AC4796EBE65D22A88A22223B995679120E2D50E41AA49C260C046A35368846B0BECD0DFF3EBEB8AD4F835768F69B9ADF25C43D30E6B646F807FAA64AD59F61715C7A54127C4AACA98BA3006A9D792DAE165E0D59B61A01FB3A9F9D838D2DAE62445C86166
310
F37564E842E7DE6A69879FEEA2DD5AE7E371E1A5E025154AC307D06A03D73EB5978C58FFA4C8E9033066E0F3BD53BEC1F39F91BE7B55103791EDE6BBB991A2046172CB4581D8B893FA674DDA17A77B3B7C413D1B511FD2743BFF8A38F03A658705E3ADF8015C3A3417FF3D7E439FF591DA0B5F18BC20C1B8981957AE6392A3
310
F43C640C01D1A0B4728E2DD4F26DB4B3C3152A252A3B4E913CEC1C72F012782FF88EFF8637AA552DBEF76408E8A8DE9E50F9E1CB3A2DA0DB1B6039A893B56063DC5B3E3FFB5F72E67AB9FEB4AEC496C4F4C1149625DD662C53E89D7BF0F6151A046260D1337DFDC94502430F83B0EE07A130A224BCAD7DAE1D9FB6CD422FF6
310
920702629C4BB9AE79C12F243C6432A6794E18E5552BA56B431AAB5D91317302B2B071E86C3A42B1A02F999E24061403B5D0EB639195DA655DD3EBEAB4FB862DDF579F014AD0E73C22F99E28DA57FB98E75C6CA2D74D53086D600F4786E0FE3144B771A8A7B900F03594DB8A633CBC49B2EDB69228BB479CF863B5E807AAAB
310
23872F6DFEB4129B949CA33823F58830E86D65621E10047D9DB34D862E8EAC3C2ABC2F7B2C40D67CDFE01F5545B92105AF983AC54D93D69E56FB8E797F88913F898A9FEC705D3F9D1B54EC8426FB500D40A03BD0119B06E1B95DDC7EB8F6975367793EBD70E66733DFB9BC982F9CE564727731999F5D4ECFCE3B8D6A4DC2A0
310
6D50FD148437D110834A64C6CDDF57FBACB5C307A2A477DFE4939736CFEF2B175371E0E10CF0DD1D5C15654E0BCA14D1E87DD02FF93782A162C0A3D95F1524A52770F972BF1EE9809D13CE7DD599467F8ECE9ADD85CE85A34CD45355448C64F9E8A031DC2D596ACC6E5DD93D9B82DE2EF5CAF81363A8E47996A0DE24564A79
310
4115AACE09C55E14540231FDA13C319787134EBF34E3A022514E5B4D9E0826E25C02D5805B15ABE1BEF51B26383D445DD9E875EE33FE4C22DA16427D65A3BCA92CA6D28DD01DF5DC53330704308475351050232CCD31583787BA75774AFB06E5070DD0C8EF484E19968C5D83BA5B90B244D31E54D55A372320FE4786B7EA58
310
44E135AA5467CB7EA333A61683CC6A8C3257034C10CF46F40EF9F5BE59BE5BD30C3C72D235E95D10345C1D45445A5F0BB47E46A5EBE5570F9380B5FA629579952296A773720405982B9DE04011506178964401AA8BDF1FBF0A8EAB6861DD6580C0E38217056766716DAEB2D6FA0917D3E4116581EADB879C4E7CFFB11EFACD
310
3D641311495D92C8676CB409A72D18610D803CE8A626049E8EC1887CB5B44CC39883690DDA8399B4B9855B481E7D71D4A9D22F96E5BB73BF5793020C02137BF837504B0304140006080000CC70623B000000000000000000000000350000006662782F36394639363044362D344446342D343946362D394244322D32343142
310
43333846323333332F76657274696365732E62696E504B0304140006080800CC70623BF270F1330600000004000000360000006662782F36394639363044362D344446342D343946362D394244322D3234314243333846323333332F747269616E676C65732E62696E636660600000504B0304140006080000CC70623B0000
310
00000000000000000000370000006662782F36394639363044362D344446342D343946362D394244322D3234314243333846323333332F617474726962757465732E62696E504B0304140006080800CC70623B08DA0BD19000000041010000360000006662782F36394639363044362D344446342D343946362D394244322D
310
3234314243333846323333332F6469726563746F72792E786D6C858F410AC3201045AF22B36F53E9A60B35CBEEBAE80D244E44489C6234F4F835464A48035D0DF398FF9F8AF63D0E6CC63039F212F8F9020C7D47C6792B21C5FE7403D62A1188E2E60C98D7234A5830286103A55745067B9D86B8A3CF9C7F90C11DE607FB14
310
4396D7B6A82D282E9A152AD114D5EF2CB866EEE831B8EEA07A7BB5A8D7D61A2BAAEB7FD5F70921FF497D00504B0304140006080800CC70623BCA768048FE000000A00100003B0000006662782F36394639363044362D344446342D343946362D394244322D3234314243333846323333332F7265736F75726365732F636F72
310
652E786D6C8D50596E833010BD0A9ADFCA60D600328E9AA639412F609909B1126CE4A5EAF16B0295DABFFECC8CDEA2797AECF8353F924FB44E193D409E5248504B332A3D0D10FC95B4901C39B3C6F85F3248B49871801506CE266BC2B243D2688FDA47549B11775038871E12F988C7004EDE7016A9083E2ADC3D5D84BC8B09
310
D33C8D74D471E6BC8D0192EDC93A815B742658898E651BCB59086ADC356A8C3FD555A1055ED7E7E254D615792D0F075295F585746FF53B694EE78A565DD736979A65AB9933AFE69F8CD2A2F038022F28ED489E135A7CE4554F9BBEA85E68DB53CAB255FEC71496F19FA6A0B42F8B3DEE6673C0F318E4497096AD7DC5F52C33
310
EEB55BFE0D504B010214000A0000080000CC70623B3DEE336E79000000790000001B00000000000000000000000000000000006175746F6465736B2D64657369676E2D7061636B6167652E786D6C504B01021400140006080800CC70623BD486FD9CA0000000F40000001300000000000000000000000000B20000005B436F
310
6E74656E745F54797065735D2E786D6C504B01021400140006080800CC70623BD9DDAED0EC0000007C010000080000000000000000000000000083010000636F72652E786D6C504B01021400140006080800CC70623B55019EA25F0000007C000000070000000000000000000000000095020000636E782E786D6C504B0102
310
1400140006080800CC70623BA24EB22D72010000D40300000C00000000000000000000000000190300006662782F636F72652E786D6C504B01021400140006080800CC70623B408A7D3B7C0000009D0000000B00000000000000000000000000B50400006662782F636E782E786D6C504B01021400140006080800CC70623B
310
449FB9BD290100001202000031000000000000000000000000005A0500006662782F36394639363044362D344446342D343946362D394244322D3234314243333846323333332F636F72652E786D6C504B01021400140006080800CC70623BAD7543B64E010000330300003000000000000000000000000000D20600006662
310
782F36394639363044362D344446342D343946362D394244322D3234314243333846323333332F636E782E786D6C504B01021400140006080800CC70623B8D05915C650500003B10000034000000000000000000000000006E0800006662782F36394639363044362D344446342D343946362D394244322D32343142433338
310
46323333332F6F626A656374732E786D6C504B01021400140006080000CC70623B0000000000000000000000003500000000000000000000000000250E00006662782F36394639363044362D344446342D343946362D394244322D3234314243333846323333332F76657274696365732E62696E504B010214001400060808
310
00CC70623BF270F13306000000040000003600000000000000000000000000780E00006662782F36394639363044362D344446342D343946362D394244322D3234314243333846323333332F747269616E676C65732E62696E504B01021400140006080000CC70623B00000000000000000000000037000000000000000000
310
00000000D20E00006662782F36394639363044362D344446342D343946362D394244322D3234314243333846323333332F617474726962757465732E62696E504B01021400140006080800CC70623B08DA0BD190000000410100003600000000000000000000000000270F00006662782F36394639363044362D344446342D
310
343946362D394244322D3234314243333846323333332F6469726563746F72792E786D6C504B01021400140006080800CC70623BCA768048FE000000A00100003B000000000000000000000000000B1000006662782F36394639363044362D344446342D343946362D394244322D3234314243333846323333332F7265736F
310
75726365732F636F72652E786D6C504B0506000000000E000E0080040000621100000000
  0
XRECORD
  5
176
102
{ACAD_REACTORS
330
173
102
}
330
173
100
AcDbXrecord
280
     1
270
     1
271
     1
  0
XRECORD
  5
177
102
{ACAD_REACTORS
330
173
102
}
330
173
100
AcDbXrecord
280
     1
270
     1
271
     1
  0
XRECORD
  5
9D9
102
{ACAD_REACTORS
330
9D8
102
}
330
9D8
100
AcDbXrecord
280
     1
102
DISPLAYNAME
  1
Metric50
102
FLAGS
 90
        0
  0
CELLSTYLEMAP
  5
9CE
102
{ACAD_REACTORS
330
162
102
}
330
162
100
AcDbCellStyleMap
 90
        3
300
CELLSTYLE
  1
TABLEFORMAT_BEGIN
 90
        5
170
     1
 91
        0
 92
    32768
 62
   257
 93
        1
300
CONTENTFORMAT
  1
CONTENTFORMAT_BEGIN
 90
        0
 91
        0
 92
      512
 93
        0
300

 40
0.0
140
1.0
 94
        5
 62
     0
340
11
144
6.0
309
CONTENTFORMAT_END
171
     1
301
MARGIN
  1
CELLMARGIN_BEGIN
 40
1.5
 40
1.5
 40
1.5
 40
1.5
 40
4.5
 40
4.5
309
CELLMARGIN_END
 94
        6
 95
        1
302
GRIDFORMAT
  1
GRIDFORMAT_BEGIN
 90
        0
 91
        1
 62
     0
 92
       -2
340
14
 93
        0
 40
1.125
309
GRIDFORMAT_END
 95
        2
302
GRIDFORMAT
  1
GRIDFORMAT_BEGIN
 90
        0
 91
        1
 62
     0
 92
       -2
340
14
 93
        0
 40
1.125
309
GRIDFORMAT_END
 95
        4
302
GRIDFORMAT
  1
GRIDFORMAT_BEGIN
 90
        0
 91
        1
 62
     0
 92
       -2
340
14
 93
        0
 40
1.125
309
GRIDFORMAT_END
 95
        8
302
GRIDFORMAT
  1
GRIDFORMAT_BEGIN
 90
        0
 91
        1
 62
     0
 92
       -2
340
14
 93
        0
 40
1.125
309
GRIDFORMAT_END
 95
       16
302
GRIDFORMAT
  1
GRIDFORMAT_BEGIN
 90
        0
 91
        1
 62
     0
 92
       -2
340
14
 93
        0
 40
1.125
309
GRIDFORMAT_END
 95
       32
302
GRIDFORMAT
  1
GRIDFORMAT_BEGIN
 90
        0
 91
        1
 62
     0
 92
       -2
340
14
 93
        0
 40
1.125
309
GRIDFORMAT_END
309
TABLEFORMAT_END
  1
CELLSTYLE_BEGIN
 90
        1
 91
        1
300
_TITLE
309
CELLSTYLE_END
300
CELLSTYLE
  1
TABLEFORMAT_BEGIN
 90
        5
170
     1
 91
        0
 92
        0
 62
   257
 93
        1
300
CONTENTFORMAT
  1
CONTENTFORMAT_BEGIN
 90
        0
 91
        0
 92
      512
 93
        0
300

 40
0.0
140
1.0
 94
        5
 62
     0
340
11
144
4.5
309
CONTENTFORMAT_END
171
     1
301
MARGIN
  1
CELLMARGIN_BEGIN
 40
1.5
 40
1.5
 40
1.5
 40
1.5
 40
4.5
 40
4.5
309
CELLMARGIN_END
 94
        6
 95
        1
302
GRIDFORMAT
  1
GRIDFORMAT_BEGIN
 90
        0
 91
        1
 62
     0
 92
       -2
340
14
 93
        0
 40
1.125
309
GRIDFORMAT_END
 95
        2
302
GRIDFORMAT
  1
GRIDFORMAT_BEGIN
 90
        0
 91
        1
 62
     0
 92
       -2
340
14
 93
        0
 40
1.125
309
GRIDFORMAT_END
 95
        4
302
GRIDFORMAT
  1
GRIDFORMAT_BEGIN
 90
        0
 91
        1
 62
     0
 92
       -2
340
14
 93
        0
 40
1.125
309
GRIDFORMAT_END
 95
        8
302
GRIDFORMAT
  1
GRIDFORMAT_BEGIN
 90
        0
 91
        1
 62
     0
 92
       -2
340
14
 93
        0
 40
1.125
309
GRIDFORMAT_END
 95
       16
302
GRIDFORMAT
  1
GRIDFORMAT_BEGIN
 90
        0
 91
        1
 62
     0
 92
       -2
340
14
 93
        0
 40
1.125
309
GRIDFORMAT_END
 95
       32
302
GRIDFORMAT
  1
GRIDFORMAT_BEGIN
 90
        0
 91
        1
 62
     0
 92
       -2
340
14
 93
        0
 40
1.125
309
GRIDFORMAT_END
309
TABLEFORMAT_END
  1
CELLSTYLE_BEGIN
 90
        2
 91
        1
300
_HEADER
309
CELLSTYLE_END
300
CELLSTYLE
  1
TABLEFORMAT_BEGIN
 90
        5
170
     1
 91
        0
 92
        0
 62
   257
 93
        1
300
CONTENTFORMAT
  1
CONTENTFORMAT_BEGIN
 90
        0
 91
        0
 92
      512
 93
        0
300

 40
0.0
140
1.0
 94
        2
 62
     0
340
11
144
4.5
309
CONTENTFORMAT_END
171
     1
301
MARGIN
  1
CELLMARGIN_BEGIN
 40
1.5
 40
1.5
 40
1.5
 40
1.5
 40
4.5
 40
4.5
309
CELLMARGIN_END
 94
        6
 95
        1
302
GRIDFORMAT
  1
GRIDFORMAT_BEGIN
 90
        0
 91
        1
 62
     0
 92
       -2
340
14
 93
        0
 40
1.125
309
GRIDFORMAT_END
 95
        2
302
GRIDFORMAT
  1
GRIDFORMAT_BEGIN
 90
        0
 91
        1
 62
     0
 92
       -2
340
14
 93
        0
 40
1.125
309
GRIDFORMAT_END
 95
        4
302
GRIDFORMAT
  1
GRIDFORMAT_BEGIN
 90
        0
 91
        1
 62
     0
 92
       -2
340
14
 93
        0
 40
1.125
309
GRIDFORMAT_END
 95
        8
302
GRIDFORMAT
  1
GRIDFORMAT_BEGIN
 90
        0
 91
        1
 62
     0
 92
       -2
340
14
 93
        0
 40
1.125
309
GRIDFORMAT_END
 95
       16
302
GRIDFORMAT
  1
GRIDFORMAT_BEGIN
 90
        0
 91
        1
 62
     0
 92
       -2
340
14
 93
        0
 40
1.125
309
GRIDFORMAT_END
 95
       32
302
GRIDFORMAT
  1
GRIDFORMAT_BEGIN
 90
        0
 91
        1
 62
     0
 92
       -2
340
14
 93
        0
 40
1.125
309
GRIDFORMAT_END
309
TABLEFORMAT_END
  1
CELLSTYLE_BEGIN
 90
        3
 91
        2
300
_DATA
309
CELLSTYLE_END
  0
ENDSEC
  0
SECTION
  2
ACDSDATA
 70
     2
 71
     8
  0
ACDSSCHEMA
 90
        0
  1
AcDb_Thumbnail_Schema
  2
AcDbDs::ID
280
    10
 91
        8
  2
Thumbnail_Data
280
    15
 91
        0
101
ACDSRECORD
 95
        0
 90
        1
  2
AcDbDs::TreatedAsObjectData
280
     1
291
     1
101
ACDSRECORD
 95
        0
 90
        2
  2
AcDbDs::Legacy
280
     1
291
     1
101
ACDSRECORD
  1
AcDbDs::ID
 90
        3
  2
AcDs:Indexable
280
     1
291
     1
101
ACDSRECORD
  1
AcDbDs::ID
 90
        4
  2
AcDbDs::HandleAttribute
280
     7
282
     1
  0
ACDSSCHEMA
 90
        1
  1
AcDbDs::TreatedAsObjectDataSchema
  2
AcDbDs::TreatedAsObjectData
280
     1
 91
        0
  0
ACDSSCHEMA
 90
        2
  1
AcDbDs::LegacySchema
  2
AcDbDs::Legacy
280
     1
 91
        0
  0
ACDSSCHEMA
 90
        3
  1
AcDbDs::IndexedPropertySchema
  2
AcDs:Indexable
280
     1
 91
        0
  0
ACDSSCHEMA
 90
        4
  1
AcDbDs::HandleAttributeSchema
  2
AcDbDs::HandleAttribute
280
     7
 91
        1
284
     1
  0
ACDSRECORD
 90
        0
  2
AcDbDs::ID
280
    10
320
22
  2
Thumbnail_Data
280
    15
 94
     1608
310
89504E470D0A1A0A0000000D49484452000001000000007808030000002AAADC4C00000300504C5445212830FFFFFF2128300000000000000000000000000000000000000000000000000000330000660000990000CC0000FF0033000033330033660033990033CC0033FF0066000066330066660066990066CC0066FF0099
310
000099330099660099990099CC0099FF00CC0000CC3300CC6600CC9900CCCC00CCFF00FF0000FF3300FF6600FF9900FFCC00FFFF3300003300333300663300993300CC3300FF3333003333333333663333993333CC3333FF3366003366333366663366993366CC3366FF3399003399333399663399993399CC3399FF33CC00
310
33CC3333CC6633CC9933CCCC33CCFF33FF0033FF3333FF6633FF9933FFCC33FFFF6600006600336600666600996600CC6600FF6633006633336633666633996633CC6633FF6666006666336666666666996666CC6666FF6699006699336699666699996699CC6699FF66CC0066CC3366CC6666CC9966CCCC66CCFF66FF0066
310
FF3366FF6666FF9966FFCC66FFFF9900009900339900669900999900CC9900FF9933009933339933669933999933CC9933FF9966009966339966669966999966CC9966FF9999009999339999669999999999CC9999FF99CC0099CC3399CC6699CC9999CCCC99CCFF99FF0099FF3399FF6699FF9999FFCC99FFFFCC0000CC00
310
33CC0066CC0099CC00CCCC00FFCC3300CC3333CC3366CC3399CC33CCCC33FFCC6600CC6633CC6666CC6699CC66CCCC66FFCC9900CC9933CC9966CC9999CC99CCCC99FFCCCC00CCCC33CCCC66CCCC99CCCCCCCCCCFFCCFF00CCFF33CCFF66CCFF99CCFFCCCCFFFFFF0000FF0033FF0066FF0099FF00CCFF00FFFF3300FF3333
310
FF3366FF3399FF33CCFF33FFFF6600FF6633FF6666FF6699FF66CCFF66FFFF9900FF9933FF9966FF9999FF99CCFF99FFFFCC00FFCC33FFCC66FFCC99FFCCCCFFCCFFFFFF00FFFF33FFFF66FFFF99FFFFCCFFFFFF0000000D0D0D1A1A1A2828283535354343435050505D5D5D6B6B6B787878868686939393A1A1A1AEAEAEBB
310
BBBBC9C9C9D6D6D6E4E4E4F1F1F1FFFFFF0000000000000000000000000000000000000000000000000000000000002E4550F1000003034944415478DAED9C4D7283300C857D82E63AE9757AD7AE7280AC323985F64D630236FE93010983DF5B3099968ED1C7B32C0B52632008822008822008822008822008822008822008
310
82A076448300A0EFF0BB65408E033A0510FFDC902F1B96CA6D69C801F3B0010000BA0210CEFEDE00049F4501681526C70650588C92BF62AF70F933E401D881D28BEE6200CF51F43BC9FDF170E27D12DD26D9E8350038B5AA9F8839F5C8A101FC1F2FA1037CFB9DD9012F5D5E04D2D39091850401C8E7004B209DA6C91AE0DC
310
00CA09FB9B4E0FE09EF84C77732DC47F0E00B9517EE8BB6F00E53A49188058B10A00CD03188BB5A301A8EC7615F602AD0348D79851333C2918959C6A33B21BEC0C80625F3406608301DD56CE18561E802B3F0718C9EDC07E00627EFFFC750840CE0132FDF9F99EF2AD360178575974006DE5802C537D0041FDBFB6871ABBE0
310
8403D8B61407607401D4CFCB2301889D5A01407B15781FBE388C69ABF4DA18804157E2C7B364286E9B5B17C0279A4B3E2ABB95198E8B2EA77500B62F2809803F055493A0B3FEB3012CBC1A6E24BA8FC614012CF74A6F00623960EF9EE014BAFC8B3B7B002886E435B492DB180038280086B15501A8BF22E33E176E1900C901
310
282EB91E80E189A9EE14D836ED56EF532267B11FAC720629F604B706509B03F24BA8FB5883A30880F48311150076BB5167EC530168CB010AEF4C471C30CCEB160044B3341CA006803B98720E102A81BD860B99F9DB82BD0058D6BB5C09C0AFF5340138A18D49D04C49B058169B20251D1F40FCAECB010895FAAD96036838A4
310
5A248FC7B60EA09C03A47B822180290926B240680E1FC0EAEF81A97E792C3F05FC25D1BD13B4CA01E4BFFA35D72D2E91ED703A092A029807BA3380A2E90A5340C1010A7B811A00F57540D300A2F94F0EC0CBF0F553406D2FD02780E213C90D01C407EAC8017D03B0B186E1360A205D07AC04B06F215453BAA64A61D1B6B87C
310
4788787B8DCC6668E9FD58FA7E91D05E880F60ABABEA1EC04AC7020000A82E011DFC1B1DB3C201271200F8930300FA03B053EE6915848120088220083A88FE0046B9F8D13ABA70580000000049454E44AE426082
  0
ENDSEC
  0
EOF
